"area_code","area_name","death_rate2020","death_rate2021","std_vax","IMD_score","pop_dens","pop_dens_binary","imd_binary"
"E06000047","County Durham",194.8,98.7,0.709118543579087,26.793,234,"Below median","Above median"
"E06000005","Darlington",153.4,85.5,0.686973722550705,25.657,548,"Below median","Above median"
"E06000001","Hartlepool",176.9,124.8,0.677030816430698,35.037,986,"Above median","Above median"
"E06000002","Middlesbrough",212.6,144.8,0.659360581311185,40.46,2671,"Above median","Above median"
"E06000057","Northumberland",113.8,93.3,0.721587306347661,22.079,64,"Below median","Above median"
"E06000003","Redcar and Cleveland",140.8,95,0.690433558617555,29.792,557,"Below median","Above median"
"E06000004","Stockton-on-Tees",168.9,98.3,0.679192193382295,25.79,961,"Above median","Above median"
"E08000037","Gateshead",163.3,89.9,0.692957814112478,28.217,1378,"Above median","Above median"
"E08000021","Newcastle upon Tyne",160.7,79.1,0.662313614067601,29.79,2632,"Above median","Above median"
"E08000022","North Tyneside",122,114.7,0.705975964604633,22.279,2536,"Above median","Above median"
"E08000023","South Tyneside",193.9,145.3,0.688603092521854,31.509,2296,"Above median","Above median"
"E08000024","Sunderland",221.4,122.7,0.703904529970661,30.586,1997,"Above median","Above median"
"E06000008","Blackburn with Darwen",226.3,212.3,0.648299906644772,36.013,1131,"Above median","Above median"
"E06000009","Blackpool",174.5,131.5,0.67154825025256,45.039,4040,"Above median","Above median"
"E06000049","Cheshire East",134,78.6,0.705784164294147,14.475,343,"Below median","Below median"
"E06000050","Cheshire West and Chester",140.5,97.6,0.689994331794898,18.083,389,"Below median","Below median"
"E06000006","Halton",152.7,131.6,0.672578447039106,32.325,1626,"Above median","Above median"
"E06000007","Warrington",176.1,107.5,0.689201038583408,18.942,1169,"Above median","Above median"
"E08000001","Bolton",198.8,117.8,0.662309592343995,30.691,2119,"Above median","Above median"
"E08000002","Bury",220.6,115,0.66800765553663,23.682,1949,"Above median","Above median"
"E08000003","Manchester",238.7,160.3,0.633285293407229,40.005,4761,"Above median","Above median"
"E08000004","Oldham",252.2,133.6,0.64285922952415,33.155,1700,"Above median","Above median"
"E08000005","Rochdale",249.8,126.1,0.642222406121185,34.415,1417,"Above median","Above median"
"E08000006","Salford",269.4,106.8,0.618626066830518,34.21,2787,"Above median","Above median"
"E08000007","Stockport",151.1,87.3,0.702531867610034,20.826,2342,"Above median","Above median"
"E08000008","Tameside",266,133.8,0.660171319188434,31.374,2242,"Above median","Above median"
"E08000009","Trafford",150.8,90.1,0.708491904334573,16.088,2222,"Above median","Below median"
"E08000010","Wigan",231,114,0.669145305945029,25.713,1753,"Above median","Above median"
"E07000117","Burnley",204.7,182.6,0.618781670186178,37.793,856,"Below median","Above median"
"E07000118","Chorley",165.1,71.1,0.678616564326188,16.863,582,"Below median","Below median"
"E07000119","Fylde",145.9,98.8,0.697241391416039,15.875,493,"Below median","Below median"
"E07000120","Hyndburn",168.6,178.7,0.634374316729436,34.333,1127,"Above median","Above median"
"E07000121","Lancaster",95.2,127.5,0.71643837558164,24.165,251,"Below median","Above median"
"E07000122","Pendle",206.4,126.1,0.623443676217223,30.723,566,"Below median","Above median"
"E07000123","Preston",211.9,128.9,0.661634343964701,29.531,1039,"Above median","Above median"
"E07000124","Ribble Valley",96.9,114.3,0.721854872753345,10.594,106,"Below median","Below median"
"E07000125","Rossendale",151,136,0.656510052277804,24.062,514,"Below median","Above median"
"E07000126","South Ribble",127.5,92,0.706831235544582,15.33,982,"Above median","Below median"
"E07000127","West Lancashire",156.7,73.1,0.673743760652028,18.645,338,"Below median","Above median"
"E07000128","Wyre",140.6,102.5,0.701332798304851,20.858,398,"Below median","Above median"
"E08000011","Knowsley",172.6,173.1,0.632395624304747,43.006,1792,"Above median","Above median"
"E08000012","Liverpool",240.9,149.9,0.627356699843772,42.412,4337,"Above median","Above median"
"E08000014","Sefton",142,111.4,0.657656556520832,27.035,1786,"Above median","Above median"
"E08000013","St. Helens",157.9,164.9,0.674726517266827,31.518,1345,"Above median","Above median"
"E08000015","Wirral",152.1,119.9,0.688647773157072,29.589,1992,"Above median","Above median"
"E06000011","East Riding of Yorkshire",115.7,78.5,0.716571511847622,15.605,143,"Below median","Below median"
"E06000010","Kingston upon Hull, City of",203.4,163.6,0.644910193223611,40.564,3723,"Above median","Above median"
"E06000012","North East Lincolnshire",113.2,72.9,0.673540664929573,31.335,816,"Below median","Above median"
"E06000013","North Lincolnshire",108.6,60.6,0.687160306458434,22.096,201,"Below median","Above median"
"E06000014","York",95.8,84.9,0.71403939843282,11.727,742,"Below median","Below median"
"E08000016","Barnsley",209,140.9,0.684520254345524,29.933,744,"Below median","Above median"
"E08000017","Doncaster",198.3,108.8,0.671242614014081,30.289,543,"Below median","Above median"
"E08000018","Rotherham",218.1,110,0.697617653692436,29.55,929,"Below median","Above median"
"E08000019","Sheffield",172,105.1,0.688050216607751,27.06,1509,"Above median","Above median"
"E08000032","Bradford",201.3,120.8,0.632358065572264,34.666,1493,"Above median","Above median"
"E08000033","Calderdale",111.3,85.9,0.685724930423683,26.351,568,"Below median","Above median"
"E08000034","Kirklees",160.1,93.6,0.670248629692728,25.151,1061,"Above median","Above median"
"E08000035","Leeds",181.7,106.4,0.669520819140889,27.301,1467,"Above median","Above median"
"E08000036","Wakefield",181.6,99.1,0.681627974821267,27.306,1045,"Above median","Above median"
"E06000015","Derby",182.8,149.8,0.667403399702093,26.323,3349,"Above median","Above median"
"E06000016","Leicester",198.9,199.6,0.642856552003055,30.877,5003,"Above median","Above median"
"E06000018","Nottingham",195.3,169.6,0.631871441968159,34.891,4287,"Above median","Above median"
"E06000017","Rutland",59.3,70.6,0.676998641529726,8.381,108,"Below median","Below median"
"E07000032","Amber Valley",117.5,121.8,0.718770888295379,17.97,476,"Below median","Below median"
"E07000033","Bolsover",131.3,175.9,0.694297148716108,25.047,502,"Below median","Above median"
"E07000034","Chesterfield",93.2,111.2,0.709088474962487,24.926,1570,"Above median","Above median"
"E07000035","Derbyshire Dales",100.7,89.9,0.740913420272828,11.895,90,"Below median","Below median"
"E07000036","Erewash",137.1,117.7,0.702068805756976,18.818,1031,"Above median","Above median"
"E07000037","High Peak",178.1,100.7,0.731913340252107,15.642,169,"Below median","Below median"
"E07000038","North East Derbyshire",159,95.6,0.725636642036421,17.399,371,"Below median","Below median"
"E07000039","South Derbyshire",169.9,104,0.718908850025629,14.494,320,"Below median","Below median"
"E07000129","Blaby",107.9,111.6,0.700976493807126,10.629,791,"Below median","Below median"
"E07000130","Charnwood",109.4,99.2,0.707379832885473,13.238,656,"Below median","Below median"
"E07000131","Harborough",86.8,74.5,0.706701267088005,8.015,166,"Below median","Below median"
"E07000132","Hinckley and Bosworth",105.9,88.1,0.704401247945173,13.461,382,"Below median","Below median"
"E07000133","Melton",108.4,63.7,0.717934001141912,12.532,108,"Below median","Below median"
"E07000134","North West Leicestershire",119.6,109.2,0.701826429095612,14.573,376,"Below median","Below median"
"E07000135","Oadby and Wigston",141.3,102.9,0.710616802082634,12.958,2456,"Above median","Below median"
"E07000136","Boston",158.5,82.2,0.629171095208046,22.967,195,"Below median","Above median"
"E07000137","East Lindsey",116,75.6,0.700957380168111,29.892,81,"Below median","Above median"
"E07000138","Lincoln",110,126,0.65859768203509,26.889,2869,"Above median","Above median"
"E07000139","North Kesteven",74.8,79.1,0.703779717490825,11.553,128,"Below median","Below median"
"E07000140","South Holland",85.7,89.8,0.664419838356061,17.896,127,"Below median","Below median"
"E07000141","South Kesteven",78.6,100.3,0.726990734670762,13.499,153,"Below median","Below median"
"E07000142","West Lindsey",71,84.5,0.716852500695736,20.355,83,"Below median","Above median"
"E07000170","Ashfield",171.1,176.3,0.688239955192213,26.308,1153,"Above median","Above median"
"E07000171","Bassetlaw",123.4,72.4,0.694246359078253,22.588,186,"Below median","Above median"
"E07000172","Broxtowe",130.4,106.1,0.711747200063673,14.238,1383,"Above median","Below median"
"E07000173","Gedling",156.4,119.9,0.696254461310665,14.894,978,"Above median","Below median"
"E07000174","Mansfield",124.4,192.4,0.671400569995519,28.503,1442,"Above median","Above median"
"E07000175","Newark and Sherwood",99,100.1,0.688167122476494,19.227,189,"Below median","Above median"
"E07000176","Rushcliffe",83.1,81.2,0.726011509995267,7.18,292,"Below median","Below median"
"E06000019","Herefordshire, County of",61.7,72.7,0.697646889314653,18.89,86,"Below median","Above median"
"E06000051","Shropshire",78.2,69.5,0.685665261363205,17.153,102,"Below median","Below median"
"E06000021","Stoke-on-Trent",214.1,179.4,0.671256216532771,34.504,2762,"Above median","Above median"
"E06000020","Telford and Wrekin",84.9,96.5,0.66996788352819,24.988,640,"Below median","Above median"
"E07000192","Cannock Chase",148.6,153.1,0.700766246630194,20.426,1275,"Above median","Above median"
"E07000193","East Staffordshire",200,160.2,0.661239631199778,19.028,322,"Below median","Above median"
"E07000194","Lichfield",142.7,107.4,0.700886886839175,12.566,323,"Below median","Below median"
"E07000195","Newcastle-under-Lyme",173.3,115.1,0.720491820056616,18.929,583,"Below median","Above median"
"E07000196","South Staffordshire",102.2,96,0.698962174213856,13.124,272,"Below median","Below median"
"E07000197","Stafford",137.9,86.2,0.692877067321343,13.678,229,"Below median","Below median"
"E07000198","Staffordshire Moorlands",142.9,111.7,0.726371533838952,15.04,167,"Below median","Below median"
"E07000199","Tamworth",163.8,154.1,0.679911743582211,21.061,2556,"Above median","Above median"
"E07000218","North Warwickshire",160.6,64.3,0.703762839251362,17.907,230,"Below median","Below median"
"E07000219","Nuneaton and Bedworth",159.9,100.8,0.676807323370906,23.54,1702,"Above median","Above median"
"E07000220","Rugby",87.7,84.7,0.668362533853905,14.119,327,"Below median","Below median"
"E07000221","Stratford-on-Avon",109.9,45.3,0.731941331832493,11.728,139,"Below median","Below median"
"E07000222","Warwick",90.8,86.4,0.703511361147811,12.005,526,"Below median","Below median"
"E08000025","Birmingham",201.2,183.6,0.598900169040195,38.067,4270,"Above median","Above median"
"E08000026","Coventry",130.3,129.6,0.664629358136854,25.613,3489,"Above median","Above median"
"E08000027","Dudley",127.9,118.7,0.669802339363556,24.103,3303,"Above median","Above median"
"E08000028","Sandwell",216.5,201.9,0.622292013506629,34.884,3996,"Above median","Above median"
"E08000029","Solihull",140.7,102.3,0.700464999178519,17.37,1215,"Above median","Below median"
"E08000030","Walsall",200.1,174.4,0.665325998758813,31.555,2734,"Above median","Above median"
"E08000031","Wolverhampton",165.2,186,0.637422665108409,32.102,3805,"Above median","Above median"
"E07000234","Bromsgrove",124.3,97.1,0.722595891220888,11.697,458,"Below median","Below median"
"E07000235","Malvern Hills",49,67.9,0.730920115698208,16.066,139,"Below median","Below median"
"E07000236","Redditch",126,134.4,0.662445449017299,22.524,1603,"Above median","Above median"
"E07000237","Worcester",80.7,126.7,0.689301320155048,20.414,3108,"Above median","Above median"
"E07000238","Wychavon",81.4,82.6,0.717469273525559,15.766,201,"Below median","Below median"
"E07000239","Wyre Forest",126,93.1,0.707032278277512,22.437,521,"Below median","Above median"
"E06000055","Bedford",140.8,173.7,0.658351020683424,18.932,390,"Below median","Above median"
"E06000056","Central Bedfordshire",124.3,118.2,0.687887560421566,12.152,413,"Below median","Below median"
"E06000032","Luton",190.1,197.5,0.594833689040855,25.908,5189,"Above median","Above median"
"E06000031","Peterborough",91,132.2,0.62310054206827,27.821,630,"Below median","Above median"
"E06000033","Southend-on-Sea",135.1,206.6,0.660216220489754,22.375,4335,"Above median","Above median"
"E06000034","Thurrock",197.4,205.1,0.619775699735865,20.928,1074,"Above median","Above median"
"E07000008","Cambridge",77.8,63.8,0.673097163332143,14.855,3563,"Above median","Below median"
"E07000009","East Cambridgeshire",55.8,57.5,0.736957582737372,11.507,135,"Below median","Below median"
"E07000010","Fenland",87.2,106.4,0.678370195522198,25.426,188,"Below median","Above median"
"E07000011","Huntingdonshire",75.8,77.2,0.709199224442994,12.55,201,"Below median","Below median"
"E07000012","South Cambridgeshire",36.8,76.6,0.737605203929273,8.496,181,"Below median","Below median"
"E07000066","Basildon",177.3,172.1,0.675542098675891,23.243,1706,"Above median","Above median"
"E07000067","Braintree",83.9,174.3,0.682478870342905,14.723,255,"Below median","Below median"
"E07000068","Brentwood",150.6,116,0.69543004918176,10.007,504,"Below median","Below median"
"E07000069","Castle Point",124.2,221.2,0.702000263627554,16.842,2008,"Above median","Below median"
"E07000070","Chelmsford",96.4,136.2,0.699866362673802,12.221,537,"Below median","Below median"
"E07000071","Colchester",87.7,133.8,0.689086019212245,16.778,587,"Below median","Below median"
"E07000072","Epping Forest",155.8,140.7,0.655308863565458,15.068,398,"Below median","Below median"
"E07000073","Harlow",124.7,157.9,0.643053589950667,21.413,3059,"Above median","Above median"
"E07000074","Maldon",53.3,132.1,0.705920965495342,14.169,186,"Below median","Below median"
"E07000075","Rochford",119.6,157.8,0.724719974348732,10.449,516,"Below median","Below median"
"E07000076","Tendring",88.7,187.7,0.694618338476682,30.484,443,"Below median","Above median"
"E07000077","Uttlesford",64.3,83.7,0.720557345884898,9.258,143,"Below median","Below median"
"E07000095","Broxbourne",112.7,139.1,0.652592196873697,17.989,1927,"Above median","Below median"
"E07000096","Dacorum",100.9,125.9,0.696760082615079,13.004,730,"Below median","Below median"
"E07000242","East Hertfordshire",83,92,0.717803121995266,8.188,317,"Below median","Below median"
"E07000098","Hertsmere",196,117.8,0.694189309645297,13.938,1069,"Above median","Below median"
"E07000099","North Hertfordshire",80.2,143.2,0.716213489078008,11.627,356,"Below median","Below median"
"E07000240","St Albans",121.1,114.9,0.734659547093175,8.339,922,"Below median","Below median"
"E07000243","Stevenage",95.3,125.9,0.685249483189789,19.695,3441,"Above median","Above median"
"E07000102","Three Rivers",128.2,125.7,0.713534397254188,9.871,1058,"Above median","Below median"
"E07000103","Watford",200,151.5,0.670081876136704,15.41,4783,"Above median","Below median"
"E07000241","Welwyn Hatfield",102.4,137.2,0.659528961599731,14.215,924,"Below median","Below median"
"E07000143","Breckland",57.2,109.7,0.689943271911538,19.614,109,"Below median","Above median"
"E07000144","Broadland",52.7,126.2,0.733922559573266,11.817,240,"Below median","Below median"
"E07000145","Great Yarmouth",52.7,138.9,0.689509823222525,33.097,575,"Below median","Above median"
"E07000146","King's Lynn and West Norfolk",90.5,121.4,0.680344049431482,23.72,108,"Below median","Above median"
"E07000147","North Norfolk",42,68.7,0.708045007507683,21.058,107,"Below median","Above median"
"E07000148","Norwich",35.9,151.3,0.689552336576866,27.599,3672,"Above median","Above median"
"E07000149","South Norfolk",47.8,79.1,0.731255292839614,13.318,157,"Below median","Below median"
"E07000200","Babergh",94.2,80.8,0.716033131775365,14.267,156,"Below median","Below median"
"E07000202","Ipswich",127.9,141.7,0.671582055729179,25.89,3535,"Above median","Above median"
"E07000203","Mid Suffolk",78.9,69.9,0.726939423069587,13.225,119,"Below median","Below median"
"E07000244","East Suffolk",70.3,82.8,0.727443432981125,19.56,196,"Below median","Above median"
"E07000245","West Suffolk",45,54.4,0.650754646119082,16.245,175,"Below median","Below median"
"E09000007","Camden",94.8,88.3,0.67979301669704,20.131,9687,"Above median","Above median"
"E09000001","City of London",NA,NA,NA,14.72,3007,"Above median","Below median"
"E09000012","Hackney",209.2,219.9,0.621325861386989,32.526,13657,"Above median","Above median"
"E09000013","Hammersmith and Fulham",163.2,126.5,0.639955630282465,22.27,11177,"Above median","Above median"
"E09000014","Haringey",201.2,140.7,0.612655103704438,27.956,8928,"Above median","Above median"
"E09000019","Islington",138.3,168.3,0.644711307910325,27.535,14608,"Above median","Above median"
"E09000020","Kensington and Chelsea",106,105.3,0.620234821640433,21.526,11898,"Above median","Above median"
"E09000022","Lambeth",176.5,182.6,0.639903300276901,25.422,11851,"Above median","Above median"
"E09000023","Lewisham",186,187.2,0.600649447855111,26.661,8536,"Above median","Above median"
"E09000025","Newham",274.8,255.3,0.606675246317766,29.577,9704,"Above median","Above median"
"E09000028","Southwark",167.7,148.1,0.64360331467819,25.811,10623,"Above median","Above median"
"E09000030","Tower Hamlets",225.6,229.5,0.647663998174341,27.913,15817,"Above median","Above median"
"E09000032","Wandsworth",136.9,150.9,0.668713565617642,16.611,9586,"Above median","Below median"
"E09000033","Westminster",111.5,111.5,0.630316156584833,20.339,9578,"Above median","Above median"
"E09000002","Barking and Dagenham",245.8,261.1,0.584458359646918,32.768,6058,"Above median","Above median"
"E09000003","Barnet",157.5,129.9,0.643977376192687,16.148,4483,"Above median","Below median"
"E09000004","Bexley",129.5,137.9,0.660507430595414,16.273,4072,"Above median","Below median"
"E09000005","Brent",225.3,156.6,0.617465434377992,25.558,7846,"Above median","Above median"
"E09000006","Bromley",112.3,114.9,0.689258215591203,14.163,2197,"Above median","Below median"
"E09000008","Croydon",188.1,145.3,0.60684589019459,22.477,4518,"Above median","Above median"
"E09000009","Ealing",188.6,154.3,0.641334168355631,22.71,6603,"Above median","Above median"
"E09000010","Enfield",179.3,145.6,0.612805241085722,25.781,4083,"Above median","Above median"
"E09000011","Greenwich",149.3,160.2,0.614285252029153,24.464,6120,"Above median","Above median"
"E09000015","Harrow",195.9,129.6,0.64943037585914,15.031,5175,"Above median","Below median"
"E09000016","Havering",186.5,156.6,0.648574877960379,16.789,2333,"Above median","Below median"
"E09000017","Hillingdon",168.8,163.9,0.668193075643163,18.223,2637,"Above median","Below median"
"E09000018","Hounslow",158.3,187.9,0.652336857098218,21.487,5149,"Above median","Above median"
"E09000021","Kingston upon Thames",123,112.5,0.70043016934219,11.381,4509,"Above median","Below median"
"E09000024","Merton",172.2,146.8,0.660763430136642,14.649,5726,"Above median","Below median"
"E09000026","Redbridge",216.3,193.9,0.63387926764111,17.203,5499,"Above median","Below median"
"E09000027","Richmond upon Thames",100.3,86.1,0.724200435130598,9.425,3403,"Above median","Below median"
"E09000029","Sutton",125.9,154.4,0.675943527310045,13.987,4781,"Above median","Below median"
"E09000031","Waltham Forest",190.2,172.5,0.596602359121336,25.209,7167,"Above median","Above median"
"E06000036","Bracknell Forest",84.4,100.7,0.690242597422573,10.241,1145,"Above median","Below median"
"E06000043","Brighton and Hove",88.8,115.5,0.686361409728904,20.761,3338,"Above median","Above median"
"E06000046","Isle of Wight",47.4,104.8,0.678504065263329,23.294,371,"Below median","Above median"
"E06000035","Medway",168.7,190.9,0.660211001523997,23.936,1445,"Above median","Above median"
"E06000042","Milton Keynes",137.1,149.9,0.664056919485655,17.98,934,"Below median","Below median"
"E06000044","Portsmouth",94,153.1,0.671862155421713,26.899,5128,"Above median","Above median"
"E06000038","Reading",162.8,104,0.66437399435432,19.619,4292,"Above median","Above median"
"E06000039","Slough",180.4,230.4,0.627729804655617,22.965,4869,"Above median","Above median"
"E06000045","Southampton",95,127,0.658018839985104,26.876,4966,"Above median","Above median"
"E06000037","West Berkshire",93.3,65.4,0.731779286187218,9.952,230,"Below median","Below median"
"E06000040","Windsor and Maidenhead",98.2,103.5,0.707900641682691,8.376,783,"Below median","Below median"
"E06000041","Wokingham",106.4,61.4,0.728278262397308,5.846,996,"Above median","Below median"
"E07000061","Eastbourne",52.4,162.8,0.687461611830967,22.11,2301,"Above median","Above median"
"E07000062","Hastings",53.3,207.7,0.65511043307813,34.281,3052,"Above median","Above median"
"E07000063","Lewes",79.3,103.8,0.715134985970187,15.758,343,"Below median","Below median"
"E07000064","Rother",71.9,147,0.714344843847788,19.768,183,"Below median","Above median"
"E07000065","Wealden",67.5,115.7,0.708735570873514,12.311,193,"Below median","Below median"
"E07000084","Basingstoke and Deane",96.7,94.9,0.709586845525442,12.823,293,"Below median","Below median"
"E07000085","East Hampshire",57.4,71.2,0.734675914077136,10.284,245,"Below median","Below median"
"E07000086","Eastleigh",65.5,76.4,0.714401887592841,10.192,1719,"Above median","Below median"
"E07000087","Fareham",79.4,105.1,0.722147958167612,9.019,1549,"Above median","Below median"
"E07000088","Gosport",79,116.7,0.677442469275289,20.541,3238,"Above median","Above median"
"E07000089","Hart",41.5,100.6,0.733471788081968,5.544,466,"Below median","Below median"
"E07000090","Havant",95.5,110.9,0.710986593791833,21.806,2233,"Above median","Above median"
"E07000091","New Forest",48.6,65.9,0.741346177807564,13.015,234,"Below median","Below median"
"E07000092","Rushmoor",122.2,188.5,0.688323408087471,15.903,2563,"Above median","Below median"
"E07000093","Test Valley",89.6,72.6,0.715987990249068,11.931,209,"Below median","Below median"
"E07000094","Winchester",81.5,47,0.729781301964042,9.615,194,"Below median","Below median"
"E07000105","Ashford",154.1,123.7,0.698323149226964,18.546,229,"Below median","Below median"
"E07000106","Canterbury",114.6,139.8,0.707709027457025,16.798,507,"Below median","Below median"
"E07000107","Dartford",175.2,188.1,0.647606585241546,18.812,1606,"Above median","Above median"
"E07000108","Dover",135.3,117.9,0.682244521041353,22.161,370,"Below median","Above median"
"E07000109","Gravesham",151.8,176.6,0.659305067438716,21.414,1080,"Above median","Above median"
"E07000110","Maidstone",104.3,141.9,0.671943525181623,16.503,449,"Below median","Below median"
"E07000111","Sevenoaks",98.8,108.9,0.707585701838909,12.437,327,"Below median","Below median"
"E07000112","Folkestone and Hythe",137.6,125.4,0.688700750204932,24.149,308,"Below median","Above median"
"E07000113","Swale",160.9,145,0.669992565205895,27.076,408,"Below median","Above median"
"E07000114","Thanet",136.6,144.4,0.679283694016776,31.314,1358,"Above median","Above median"
"E07000115","Tonbridge and Malling",85.1,119.2,0.711726008510559,13.333,551,"Below median","Below median"
"E07000116","Tunbridge Wells",82.8,81.6,0.717736970067392,11.31,349,"Below median","Below median"
"E07000177","Cherwell",85.6,79.8,0.691596529479278,14.41,275,"Below median","Below median"
"E07000178","Oxford",75.4,112.7,0.69498900984745,16.707,3517,"Above median","Below median"
"E07000179","South Oxfordshire",80.7,49.9,0.728427128480692,8.459,221,"Below median","Below median"
"E07000180","Vale of White Horse",88,51,0.722118985864459,8.358,241,"Below median","Below median"
"E07000181","West Oxfordshire",90.7,48.1,0.703288461182644,8.684,161,"Below median","Below median"
"E07000207","Elmbridge",83.9,94.7,0.7322698530887,7.944,1467,"Above median","Below median"
"E07000208","Epsom and Ewell",133.5,172,0.721000127003293,8.833,2376,"Above median","Below median"
"E07000209","Guildford",73.3,104.1,0.705045429409091,9.395,532,"Below median","Below median"
"E07000210","Mole Valley",100.3,114.8,0.739426657876829,9.511,339,"Below median","Below median"
"E07000211","Reigate and Banstead",136.4,135.5,0.7029565059301,11.276,1173,"Above median","Below median"
"E07000212","Runnymede",98.8,96.6,0.689342539447249,12.012,1126,"Above median","Below median"
"E07000213","Spelthorne",104.4,114.5,0.688310196291858,14.943,2295,"Above median","Below median"
"E07000214","Surrey Heath",90.3,147.2,0.729068885724414,8.066,953,"Above median","Below median"
"E07000215","Tandridge",96.4,115.1,0.72296337589858,11.896,355,"Below median","Below median"
"E07000216","Waverley",92.3,94.3,0.742437485461772,7.494,373,"Below median","Below median"
"E07000217","Woking",99.6,100.1,0.708431691954262,10.804,1633,"Above median","Below median"
"E07000223","Adur",54.3,63.9,0.717513438879843,17.594,1536,"Above median","Below median"
"E07000224","Arun",34.1,110.2,0.679450506081798,18.638,748,"Below median","Above median"
"E07000225","Chichester",52.2,110.5,0.707345544049595,14.085,158,"Below median","Below median"
"E07000226","Crawley",94.7,158.5,0.665296070012124,18.94,2639,"Above median","Above median"
"E07000227","Horsham",75,60.8,0.73140066518793,9.89,278,"Below median","Below median"
"E07000228","Mid Sussex",109.8,91.3,0.723311366241259,7.747,458,"Below median","Below median"
"E07000229","Worthing",58.8,101.9,0.700150895593967,17.012,3433,"Above median","Below median"
"E06000022","Bath and North East Somerset",58.2,96,0.714197709589016,11.745,556,"Below median","Below median"
"E06000058","Bournemouth, Christchurch and Poole",61.4,130,0.675113154206203,18.173,2469,"Above median","Below median"
"E06000023","Bristol, City of",105.2,99.3,0.681393799242105,26.363,4298,"Above median","Above median"
"E06000059","Dorset",34.8,67.8,0.724614589054793,15.735,153,"Below median","Below median"
"E06000024","North Somerset",74.2,62.9,0.729662262678696,15.825,582,"Below median","Below median"
"E06000026","Plymouth",46.9,58.2,0.682502214184322,26.619,3316,"Above median","Above median"
"E06000025","South Gloucestershire",86.5,68.4,0.717027646810464,11.66,585,"Below median","Below median"
"E06000030","Swindon",103.3,89.9,0.695126724511954,18.622,1016,"Above median","Below median"
"E06000027","Torbay",48.6,54.7,0.682041270804231,28.104,2218,"Above median","Above median"
"E06000054","Wiltshire",76.8,71.9,0.693567617906495,13.447,158,"Below median","Below median"
"E07000040","East Devon",42,42.8,0.704000766453057,12.764,187,"Below median","Below median"
"E07000041","Exeter",51.9,66.8,0.705560466151474,16.215,2754,"Above median","Below median"
"E07000042","Mid Devon",40.6,50.6,0.722783872749627,16.928,91,"Below median","Below median"
"E07000043","North Devon",30.3,36.2,0.707168111144422,20.559,92,"Below median","Above median"
"E07000044","South Hams",15.1,41.5,0.702613622702163,13.724,101,"Below median","Below median"
"E07000045","Teignbridge",25.2,46.3,0.71683868387651,15.893,201,"Below median","Below median"
"E07000046","Torridge",32.1,45.6,0.716391963698468,23.269,70,"Below median","Above median"
"E07000047","West Devon",25.4,25.3,0.706820096041867,18.052,50,"Below median","Below median"
"E07000078","Cheltenham",128.5,53.7,0.717253677700824,14.26,2550,"Above median","Below median"
"E07000079","Cotswold",72.7,45.3,0.743738064439493,11.061,78,"Below median","Below median"
"E07000080","Forest of Dean",64.3,57.1,0.661894874830364,18.013,166,"Below median","Below median"
"E07000081","Gloucester",147,79.5,0.676689175443877,21.807,3269,"Above median","Above median"
"E07000082","Stroud",98.9,59.8,0.72736961916643,10.797,264,"Below median","Below median"
"E07000083","Tewkesbury",112,52.7,0.733333899167033,12.142,230,"Below median","Below median"
