Area code,Area of usual residence,Geography,"Persons
(Deaths)","Persons
(Rate)","Persons
(Unreliable marker)","Persons
(LCI)","Persons
(UCI)","Males
(Deaths)","Males
(Rate)","Males
(Unreliable marker)","Males
(LCI)","Males
(UCI)","Females
(Deaths)","Females
(Rate)","Females
(Unreliable marker)","Females
(LCI)","Females
(UCI)"
"K04000001, J99000001","England, Wales and Elsewhere",Country,"73,766",126.9,,126.0,127.8,"40,995",166.6,,164.9,168.2,"32,771",96.7,,95.7,97.8
E92000001,England,Country,"69,299",126.6,,125.6,127.5,"38,526",166.3,,164.6,168.0,"30,773",96.4,,95.3,97.5
E12000001,North East,Region,"4,467",166.8,,161.9,171.8,"2,230",199.9,,191.3,208.4,"2,237",142.1,,136.2,148.0
E06000047,County Durham,Unitary Authority,"1,028",194.8,,182.7,206.8,506,222.3,,202.2,242.5,522,172.2,,157.4,187.1
E06000005,Darlington,Unitary Authority,177,153.4,,130.7,176.1,89,190.8,,152.2,236.1,88,127.9,,102.4,157.8
E06000001,Hartlepool,Unitary Authority,168,176.9,,150.0,203.8,89,235.5,,187.9,291.2,79,137.7,,108.8,171.9
E06000002,Middlesbrough,Unitary Authority,241,212.6,,185.3,239.8,118,249.2,,201.7,296.7,123,180.7,,148.6,212.8
E06000057,Northumberland,Unitary Authority,454,113.8,,103.3,124.3,223,129.4,,112.1,146.7,231,100.0,,87.0,112.9
E06000003,Redcar and Cleveland,Unitary Authority,221,140.8,,122.1,159.5,118,176.5,,143.9,209.1,103,112.5,,90.6,134.3
E06000004,Stockton-on-Tees,Unitary Authority,317,168.9,,150.2,187.6,152,191.0,,159.9,222.0,165,151.0,,127.8,174.3
E11000007,Tyne and Wear (Met County),Metropolitan County,"1,861",172.5,,164.6,180.4,935,214.3,,200.1,228.4,926,143.9,,134.6,153.3
E08000037,Gateshead,Metropolitan District,341,163.3,,145.9,180.8,174,202.3,,171.5,233.0,167,135.9,,115.1,156.7
E08000021,Newcastle upon Tyne,Metropolitan District,380,160.7,,144.5,177.0,200,203.8,,175.3,232.3,180,129.0,,109.9,148.1
E08000022,North Tyneside,Metropolitan District,262,122.0,,107.2,136.9,125,151.2,,123.8,178.5,137,105.1,,87.4,122.8
E08000023,South Tyneside,Metropolitan District,302,193.9,,171.9,216.0,152,250.2,,208.9,291.5,150,157.6,,132.2,182.9
E08000024,Sunderland,Metropolitan District,576,221.4,,202.9,240.0,284,266.0,,232.6,299.4,292,189.9,,167.8,212.0
E12000002,North West,Region,"12,428",176.0,,172.9,179.1,"6,894",229.1,,223.5,234.6,"5,534",135.8,,132.2,139.3
E06000008,Blackburn with Darwen,Unitary Authority,243,226.3,,197.3,255.3,154,328.7,,273.5,383.9,89,148.4,,118.9,182.9
E06000009,Blackpool,Unitary Authority,254,174.5,,152.9,196.0,138,221.9,,183.8,260.0,116,137.9,,112.6,163.1
E06000049,Cheshire East,Unitary Authority,632,134.0,,123.6,144.5,339,169.2,,151.0,187.4,293,106.6,,94.3,118.9
E06000050,Cheshire West and Chester,Unitary Authority,543,140.5,,128.7,152.4,316,194.8,,173.1,216.6,227,101.4,,88.1,114.6
E06000006,Halton,Unitary Authority,170,152.7,,129.3,176.1,102,215.9,,171.6,260.1,68,107.0,,82.9,135.8
E06000007,Warrington,Unitary Authority,348,176.1,,157.5,194.8,184,223.6,,189.5,257.7,164,142.0,,120.2,163.8
E10000006,Cumbria,County,738,117.2,,108.7,125.7,388,146.8,,131.8,161.8,350,95.9,,85.7,106.0
E07000026,Allerdale,Non-metropolitan District,101,80.1,,64.4,95.8,50,92.3,,67.9,122.5,51,73.6,,54.5,97.2
E07000027,Barrow-in-Furness,Non-metropolitan District,124,172.8,,142.2,203.5,66,206.0,,158.1,263.4,58,143.2,,108.6,185.3
E07000028,Carlisle,Non-metropolitan District,167,134.9,,114.4,155.5,82,164.1,,129.5,204.8,85,117.9,,93.9,146.1
E07000029,Copeland,Non-metropolitan District,87,115.5,,92.3,142.8,43,127.0,,90.6,172.6,44,101.4,,73.6,136.3
E07000030,Eden,Non-metropolitan District,60,80.5,,61.2,103.8,36,121.4,,83.8,169.7,24,53.1,,33.8,79.2
E07000031,South Lakeland,Non-metropolitan District,199,125.1,,107.7,142.6,111,167.7,,136.0,199.5,88,93.9,,75.1,116.0
E11000001,Greater Manchester (Met County),Metropolitan County,"5,037",218.4,,212.4,224.5,"2,722",272.2,,261.8,282.6,"2,315",175.2,,168.1,182.4
E08000001,Bolton,Metropolitan District,498,198.8,,181.3,216.4,256,226.5,,198.3,254.7,242,173.5,,151.6,195.4
E08000002,Bury,Metropolitan District,395,220.6,,198.8,242.4,211,271.1,,234.0,308.1,184,177.9,,152.1,203.7
E08000003,Manchester,Metropolitan District,638,238.7,,220.0,257.4,359,321.6,,287.1,356.1,279,179.0,,157.8,200.2
E08000004,Oldham,Metropolitan District,486,252.2,,229.7,274.7,257,301.8,,264.4,339.2,229,209.2,,182.1,236.4
E08000005,Rochdale,Metropolitan District,464,249.8,,227.0,272.6,258,319.5,,279.8,359.2,206,194.4,,167.8,221.0
E08000006,Salford,Metropolitan District,513,269.4,,246.0,292.8,278,333.4,,293.5,373.4,235,215.9,,188.2,243.6
E08000007,Stockport,Metropolitan District,478,151.1,,137.5,164.7,271,203.3,,178.8,227.8,207,111.7,,96.4,127.1
E08000008,Tameside,Metropolitan District,520,266.0,,242.8,289.1,274,324.3,,284.1,364.5,246,222.5,,194.6,250.4
E08000009,Trafford,Metropolitan District,348,150.8,,134.9,166.7,164,174.8,,147.9,201.7,184,134.0,,114.3,153.6
E08000010,Wigan,Metropolitan District,697,231.0,,213.6,248.3,394,292.4,,262.2,322.6,303,180.7,,160.3,201.1
E10000017,Lancashire,County,"1,967",152.1,,145.3,158.8,"1,146",209.4,,197.0,221.8,821,110.1,,102.5,117.6
E07000117,Burnley,Non-metropolitan District,173,204.7,,174.1,235.2,101,285.8,,228.8,342.7,72,148.5,,116.0,187.3
E07000118,Chorley,Non-metropolitan District,180,165.1,,140.6,189.6,99,214.6,,171.4,264.7,81,128.8,,102.2,160.2
E07000119,Fylde,Non-metropolitan District,177,145.9,,124.3,167.6,98,190.9,,154.5,233.1,79,110.7,,87.2,138.5
E07000120,Hyndburn,Non-metropolitan District,123,168.6,,138.5,198.7,69,221.2,,170.5,281.9,54,129.0,,96.8,168.5
E07000121,Lancaster,Non-metropolitan District,146,95.2,,79.7,110.7,89,140.7,,112.5,173.7,57,63.6,,48.1,82.6
E07000122,Pendle,Non-metropolitan District,179,206.4,,176.1,236.7,110,287.4,,232.9,342.0,69,144.0,,111.9,182.3
E07000123,Preston,Non-metropolitan District,230,211.9,,184.2,239.5,135,291.5,,240.2,342.8,95,154.2,,124.6,188.8
E07000124,Ribble Valley,Non-metropolitan District,75,96.9,,76.2,121.5,38,120.8,,84.9,166.5,37,82.6,,58.0,114.0
E07000125,Rossendale,Non-metropolitan District,99,151.0,,122.6,184.1,49,173.6,,127.0,231.2,50,134.1,,99.5,177.0
E07000126,South Ribble,Non-metropolitan District,154,127.5,,107.3,147.7,96,188.9,,152.2,231.7,58,83.5,,63.3,108.0
E07000127,West Lancashire,Non-metropolitan District,201,156.7,,134.9,178.4,122,225.1,,184.2,266.0,79,105.2,,83.1,131.3
E07000128,Wyre,Non-metropolitan District,230,140.6,,122.3,159.0,140,202.4,,168.1,236.8,90,95.0,,76.0,117.2
E11000002,Merseyside (Met County),Metropolitan County,"2,496",176.1,,169.1,183.0,"1,405",238.0,,225.3,250.7,"1,091",131.9,,124.0,139.8
E08000011,Knowsley,Metropolitan District,234,172.6,,150.3,194.9,113,202.1,,164.1,240.1,121,155.6,,127.6,183.6
E08000012,Liverpool,Metropolitan District,915,240.9,,225.2,256.7,534,326.1,,297.8,354.5,381,176.3,,158.5,194.2
E08000014,Sefton,Metropolitan District,499,142.0,,129.4,154.6,301,216.2,,191.4,241.1,198,93.4,,80.1,106.7
E08000013,St. Helens,Metropolitan District,286,157.9,,139.3,176.6,156,200.7,,167.2,234.2,130,126.6,,104.7,148.5
E08000015,Wirral,Metropolitan District,562,152.1,,139.5,164.7,301,198.0,,175.3,220.6,261,118.4,,103.9,132.9
E12000003,Yorkshire and The Humber,Region,"8,242",155.3,,151.9,158.7,"4,529",206.4,,200.2,212.6,"3,713",118.7,,114.8,122.5
E06000011,East Riding of Yorkshire,Unitary Authority,511,115.7,,105.6,125.8,292,165.2,,145.4,184.9,219,82.9,,71.8,93.9
E06000010,"Kingston upon Hull, City of",Unitary Authority,389,203.4,,182.9,223.9,225,281.3,,242.6,320.1,164,150.5,,127.3,173.7
E06000012,North East Lincolnshire,Unitary Authority,197,113.2,,97.3,129.1,115,164.4,,133.7,195.1,82,78.0,,61.9,97.0
E06000013,North Lincolnshire,Unitary Authority,205,108.6,,93.7,123.6,114,151.8,,122.6,181.0,91,82.1,,66.0,100.9
E06000014,York,Unitary Authority,201,95.8,,82.5,109.1,99,118.0,,95.7,143.9,102,81.4,,65.3,97.4
E10000023,North Yorkshire,County,731,90.9,,84.3,97.5,411,125.2,,112.8,137.6,320,66.6,,59.3,74.0
E07000163,Craven,Non-metropolitan District,101,119.8,,96.3,143.3,47,149.6,,109.0,200.0,54,102.2,,76.4,133.9
E07000164,Hambleton,Non-metropolitan District,98,79.2,,64.2,96.6,49,94.3,,68.9,125.7,49,66.0,,48.8,87.3
E07000165,Harrogate,Non-metropolitan District,210,96.8,,83.6,110.0,123,141.5,,116.3,166.7,87,64.2,,51.2,79.5
E07000166,Richmondshire,Non-metropolitan District,57,96.2,,72.8,124.8,34,131.8,,90.6,185.0,23,70.4,,44.5,105.9
E07000167,Ryedale,Non-metropolitan District,45,57.0,,41.5,76.3,27,85.8,,55.5,126.3,18,38.0,[u],22.4,60.1
E07000168,Scarborough,Non-metropolitan District,145,94.6,,79.1,110.1,78,126.0,,98.9,158.1,67,74.5,,57.6,94.8
E07000169,Selby,Non-metropolitan District,75,80.6,,63.3,101.2,53,134.1,,98.6,177.7,22,41.9,,26.3,63.5
E11000003,South Yorkshire (Met County),Metropolitan County,"2,538",194.0,,186.5,201.6,"1,334",242.5,,229.2,255.9,"1,204",157.3,,148.4,166.2
E08000016,Barnsley,Metropolitan District,503,209.0,,190.7,227.4,282,285.9,,251.0,320.8,221,158.3,,137.4,179.3
E08000017,Doncaster,Metropolitan District,596,198.3,,182.3,214.3,308,241.1,,213.5,268.7,288,164.7,,145.6,183.9
E08000018,Rotherham,Metropolitan District,572,218.1,,200.1,236.1,297,269.9,,237.9,301.9,275,179.6,,158.3,200.9
E08000019,Sheffield,Metropolitan District,867,172.0,,160.5,183.5,447,211.4,,191.6,231.2,420,141.1,,127.5,154.7
E11000006,West Yorkshire (Met County),Metropolitan County,"3,470",174.1,,168.3,179.9,"1,939",235.5,,224.7,246.3,"1,531",130.0,,123.4,136.5
E08000032,Bradford,Metropolitan District,855,201.3,,187.7,214.9,480,266.4,,242.0,290.8,375,150.2,,134.9,165.5
E08000033,Calderdale,Metropolitan District,221,111.3,,96.6,126.0,136,179.0,,147.2,210.8,85,70.5,,56.3,87.3
E08000034,Kirklees,Metropolitan District,642,160.1,,147.7,172.5,385,228.5,,205.1,251.8,257,109.9,,96.4,123.4
E08000035,Leeds,Metropolitan District,"1,145",181.7,,171.1,192.3,576,225.5,,206.5,244.5,569,151.0,,138.5,163.5
E08000036,Wakefield,Metropolitan District,607,181.6,,167.1,196.1,362,261.4,,233.4,289.4,245,125.5,,109.7,141.2
E12000004,East Midlands,Region,"6,256",129.8,,126.5,133.0,"3,423",168.4,,162.6,174.2,"2,833",101.0,,97.2,104.7
E06000015,Derby,Unitary Authority,427,182.8,,165.4,200.3,234,244.8,,213.0,276.6,193,139.7,,119.7,159.8
E06000016,Leicester,Unitary Authority,466,198.9,,180.7,217.1,277,276.6,,243.0,310.2,189,142.1,,121.6,162.6
E06000018,Nottingham,Unitary Authority,408,195.3,,176.2,214.3,228,264.1,,229.1,299.1,180,144.5,,123.1,165.9
E06000017,Rutland,Unitary Authority,32,59.3,,40.3,83.9,22,97.7,,60.5,149.0,10,34.4,[u],15.3,65.3
E06000061,North Northamptonshire,Unitary Authority,425,133.4,,120.7,146.1,218,159.7,,138.0,181.4,207,112.2,,96.9,127.5
E06000062,West Northamptonshire,Unitary Authority,527,146.3,,133.8,158.8,300,193.7,,171.2,216.2,227,110.0,,95.7,124.3
E10000007,Derbyshire,County,"1,175",134.0,,126.3,141.7,631,172.8,,158.8,186.7,544,105.9,,97.0,114.8
E07000032,Amber Valley,Non-metropolitan District,168,117.5,,99.7,135.3,95,162.8,,130.6,200.2,73,88.3,,69.1,111.1
E07000033,Bolsover,Non-metropolitan District,105,131.3,,106.0,156.5,58,180.4,,134.4,236.4,47,100.3,,73.7,133.4
E07000034,Chesterfield,Non-metropolitan District,107,93.2,,75.5,110.9,53,109.1,,81.0,143.7,54,80.8,,60.5,105.7
E07000035,Derbyshire Dales,Non-metropolitan District,98,100.7,,81.7,122.8,53,139.6,,103.0,184.5,45,76.0,,55.4,101.8
E07000036,Erewash,Non-metropolitan District,173,137.1,,116.6,157.6,89,173.3,,138.3,214.3,84,113.1,,90.0,140.4
E07000037,High Peak,Non-metropolitan District,171,178.1,,151.2,204.9,91,223.1,,177.8,276.1,80,140.8,,111.6,175.3
E07000038,North East Derbyshire,Non-metropolitan District,188,159.0,,135.9,182.1,91,167.2,,133.8,206.3,97,149.5,,120.9,182.7
E07000039,South Derbyshire,Non-metropolitan District,165,169.9,,143.8,196.0,101,246.9,,196.9,296.8,64,113.1,,87.0,144.5
E10000018,Leicestershire,County,822,110.1,,102.5,117.6,450,147.4,,133.3,161.4,372,84.6,,75.9,93.2
E07000129,Blaby,Non-metropolitan District,115,107.9,,88.1,127.7,67,154.7,,118.6,197.9,48,75.1,,55.3,99.7
E07000130,Charnwood,Non-metropolitan District,190,109.4,,93.8,125.0,103,145.8,,116.9,174.7,87,86.6,,69.3,106.9
E07000131,Harborough,Non-metropolitan District,94,86.8,,70.1,106.3,53,111.6,,82.6,147.2,41,64.3,,46.1,87.3
E07000132,Hinckley and Bosworth,Non-metropolitan District,132,105.9,,87.8,124.1,65,126.0,,95.9,162.1,67,92.9,,71.9,118.1
E07000133,Melton,Non-metropolitan District,63,108.4,,83.2,138.9,39,162.0,,113.8,223.3,24,69.9,,44.7,104.1
E07000134,North West Leicestershire,Non-metropolitan District,122,119.6,,98.3,140.9,68,162.3,,123.6,208.7,54,91.0,,68.3,118.9
E07000135,Oadby and Wigston,Non-metropolitan District,106,141.3,,114.0,168.6,55,189.5,,142.5,247.1,51,109.2,,80.4,144.7
E10000019,Lincolnshire,County,870,96.4,,90.0,102.8,461,117.5,,106.5,128.4,409,79.3,,71.6,87.0
E07000136,Boston,Non-metropolitan District,120,158.5,,130.1,186.9,64,195.6,,150.2,250.3,56,127.5,,96.1,165.8
E07000137,East Lindsey,Non-metropolitan District,235,116.0,,101.0,131.1,120,131.3,,107.1,155.5,115,104.0,,84.6,123.3
E07000138,Lincoln,Non-metropolitan District,93,110.0,,88.7,135.0,53,163.1,,121.6,213.9,40,71.5,,50.7,97.8
E07000139,North Kesteven,Non-metropolitan District,104,74.8,,60.3,89.3,55,88.4,,65.9,116.0,49,62.8,,46.4,83.0
E07000140,South Holland,Non-metropolitan District,103,85.7,,69.1,102.3,50,92.8,,68.6,122.8,53,78.4,,58.6,102.7
E07000141,South Kesteven,Non-metropolitan District,132,78.6,,65.2,92.1,72,102.9,,80.0,130.2,60,61.0,,46.5,78.7
E07000142,West Lindsey,Non-metropolitan District,83,71.0,,56.4,88.2,47,90.6,,65.6,121.6,36,55.1,,38.6,76.3
E10000024,Nottinghamshire,County,"1,104",125.4,,118.0,132.8,602,162.3,,149.0,175.6,502,97.8,,89.2,106.3
E07000170,Ashfield,Non-metropolitan District,206,171.1,,147.5,194.8,125,238.6,,194.8,282.4,81,118.3,,93.9,147.2
E07000171,Bassetlaw,Non-metropolitan District,161,123.4,,104.2,142.5,81,143.6,,113.4,179.3,80,106.5,,84.4,132.7
E07000172,Broxtowe,Non-metropolitan District,163,130.4,,110.3,150.5,91,171.9,,137.9,211.6,72,99.9,,78.0,126.0
E07000173,Gedling,Non-metropolitan District,188,156.4,,133.7,179.1,102,206.9,,164.7,249.2,86,120.6,,96.4,149.1
E07000174,Mansfield,Non-metropolitan District,134,124.4,,103.2,145.5,78,174.1,,136.4,218.7,56,89.9,,67.9,116.7
E07000175,Newark and Sherwood,Non-metropolitan District,135,99.0,,82.2,115.7,65,113.1,,86.8,144.9,70,88.7,,69.1,112.1
E07000176,Rushcliffe,Non-metropolitan District,117,83.1,,68.0,98.3,60,106.0,,80.6,136.9,57,67.1,,50.6,87.1
E12000005,West Midlands,Region,"8,232",142.2,,139.1,145.3,"4,629",188.5,,183.0,194.0,"3,603",107.2,,103.7,110.8
E06000019,"Herefordshire, County of",Unitary Authority,153,61.7,,51.9,71.6,79,73.8,,58.2,92.3,74,51.0,,40.0,64.2
E06000051,Shropshire,Unitary Authority,326,78.2,,69.7,86.7,180,102.8,,87.5,118.1,146,59.5,,49.8,69.3
E06000021,Stoke-on-Trent,Unitary Authority,456,214.1,,194.2,234.0,253,279.9,,243.8,316.1,203,166.6,,143.6,189.7
E06000020,Telford and Wrekin,Unitary Authority,130,84.9,,70.2,99.7,74,110.2,,85.7,139.5,56,65.9,,49.7,85.7
E10000028,Staffordshire,County,"1,451",149.6,,141.9,157.4,818,198.4,,184.4,212.4,633,112.3,,103.5,121.0
E07000192,Cannock Chase,Non-metropolitan District,148,148.6,,124.6,172.6,87,213.5,,169.8,264.8,61,105.7,,80.7,135.8
E07000193,East Staffordshire,Non-metropolitan District,239,200.0,,174.5,225.4,152,303.8,,254.0,353.5,87,125.2,,100.1,154.6
E07000194,Lichfield,Non-metropolitan District,179,142.7,,121.7,163.8,94,172.7,,138.7,212.4,85,119.0,,94.9,147.3
E07000195,Newcastle-under-Lyme,Non-metropolitan District,238,173.3,,151.2,195.4,121,203.0,,166.2,239.7,117,145.2,,118.7,171.7
E07000196,South Staffordshire,Non-metropolitan District,144,102.2,,85.4,119.0,73,122.7,,94.8,155.9,71,85.1,,66.4,107.4
E07000197,Stafford,Non-metropolitan District,218,137.9,,119.5,156.3,124,183.9,,150.9,216.9,94,103.1,,83.3,126.2
E07000198,Staffordshire Moorlands,Non-metropolitan District,173,142.9,,121.4,164.4,101,195.3,,155.8,234.8,72,102.2,,79.9,128.7
E07000199,Tamworth,Non-metropolitan District,112,163.8,,133.0,194.6,66,226.9,,171.7,293.1,46,115.3,,84.3,153.9
E10000031,Warwickshire,County,747,117.5,,109.0,125.9,417,156.3,,141.0,171.6,330,87.7,,78.2,97.3
E07000218,North Warwickshire,Non-metropolitan District,116,160.6,,131.3,189.8,70,221.2,,170.8,281.5,46,108.4,,79.3,144.8
E07000219,Nuneaton and Bedworth,Non-metropolitan District,196,159.9,,137.2,182.6,113,214.4,,172.9,255.8,83,118.0,,93.9,146.4
E07000220,Rugby,Non-metropolitan District,98,87.7,,71.2,106.9,53,112.1,,83.7,147.0,45,69.7,,50.7,93.5
E07000221,Stratford-on-Avon,Non-metropolitan District,200,109.9,,94.6,125.1,106,144.8,,116.7,172.8,94,85.3,,68.7,104.6
E07000222,Warwick,Non-metropolitan District,137,90.8,,75.6,106.1,75,121.0,,95.0,152.0,62,67.6,,51.6,86.9
E11000005,West Midlands (Met County),Metropolitan County,"4,282",175.3,,170.0,180.5,"2,444",237.2,,227.7,246.8,"1,838",129.3,,123.3,135.3
E08000025,Birmingham,Metropolitan District,"1,653",201.2,,191.5,211.0,933,266.8,,249.4,284.1,720,151.6,,140.4,162.8
E08000026,Coventry,Metropolitan District,352,130.3,,116.6,143.9,205,179.1,,154.2,204.1,147,93.8,,78.6,109.1
E08000027,Dudley,Metropolitan District,433,127.9,,115.8,140.1,249,176.8,,154.1,199.5,184,93.6,,79.9,107.2
E08000028,Sandwell,Metropolitan District,564,216.5,,198.5,234.5,329,304.3,,270.1,338.4,235,155.1,,135.2,175.0
E08000029,Solihull,Metropolitan District,355,140.7,,126.0,155.5,203,200.4,,172.5,228.2,152,97.6,,81.8,113.3
E08000030,Walsall,Metropolitan District,531,200.1,,183.0,217.3,303,274.1,,242.5,305.7,228,147.7,,128.4,167.1
E08000031,Wolverhampton,Metropolitan District,394,165.2,,148.8,181.6,222,216.7,,187.9,245.4,172,124.9,,106.0,143.8
E10000034,Worcestershire,County,687,96.6,,89.3,103.8,364,119.9,,107.3,132.4,323,79.1,,70.4,87.8
E07000234,Bromsgrove,Non-metropolitan District,156,124.3,,104.7,144.0,86,165.0,,131.7,204.0,70,92.9,,72.1,117.7
E07000235,Malvern Hills,Non-metropolitan District,59,49.0,,37.2,63.3,33,65.1,,44.5,91.8,26,38.1,,24.6,56.3
E07000236,Redditch,Non-metropolitan District,97,126.0,,102.0,153.8,52,156.4,,115.2,207.2,45,105.3,,76.7,140.9
E07000237,Worcester,Non-metropolitan District,75,80.7,,63.4,101.2,38,95.6,,67.0,131.9,37,67.4,,47.3,93.2
E07000238,Wychavon,Non-metropolitan District,142,81.4,,67.9,94.8,73,99.2,,77.4,125.1,69,67.3,,52.2,85.4
E07000239,Wyre Forest,Non-metropolitan District,158,126.0,,106.2,145.7,82,149.4,,117.9,186.5,76,108.5,,85.3,136.2
E12000006,East of England,Region,"6,473",97.5,,95.1,99.8,"3,696",131.6,,127.3,135.9,"2,777",71.9,,69.2,74.6
E06000055,Bedford,Unitary Authority,238,140.8,,122.8,158.8,131,184.1,,152.2,216.0,107,109.5,,88.5,130.6
E06000056,Central Bedfordshire,Unitary Authority,331,124.3,,110.8,137.7,206,174.1,,149.9,198.2,125,84.1,,69.3,98.8
E06000032,Luton,Unitary Authority,287,190.1,,167.9,212.3,189,281.1,,240.3,321.9,98,116.6,,94.3,142.5
E06000031,Peterborough,Unitary Authority,149,91.0,,76.3,105.7,84,118.1,,93.8,146.7,65,69.8,,53.8,89.2
E06000033,Southend-on-Sea,Unitary Authority,263,135.1,,118.7,151.5,149,186.0,,155.9,216.1,114,99.3,,80.7,117.8
E06000034,Thurrock,Unitary Authority,232,197.4,,171.7,223.1,131,259.8,,213.1,306.5,101,149.5,,120.2,178.7
E10000003,Cambridgeshire,County,441,65.6,,59.5,71.8,246,86.3,,75.3,97.2,195,49.9,,42.8,57.0
E07000008,Cambridge,Non-metropolitan District,78,77.8,,61.3,97.3,37,92.2,,64.8,127.2,41,65.7,,46.5,89.8
E07000009,East Cambridgeshire,Non-metropolitan District,54,55.8,,41.9,72.9,34,82.8,,56.7,116.7,20,35.4,,21.4,54.8
E07000010,Fenland,Non-metropolitan District,107,87.2,,70.6,103.8,63,123.1,,94.2,157.9,44,63.2,,45.6,85.3
E07000011,Huntingdonshire,Non-metropolitan District,139,75.8,,63.2,88.4,76,96.3,,75.4,121.1,63,59.9,,46.0,76.7
E07000012,South Cambridgeshire,Non-metropolitan District,63,36.8,,28.3,47.2,36,48.6,,33.9,67.4,27,27.7,,18.2,40.4
E10000012,Essex,County,"1,793",110.7,,105.5,115.8,"1,035",152.6,,143.1,162.0,758,80.3,,74.5,86.0
E07000066,Basildon,Non-metropolitan District,302,177.3,,157.2,197.4,167,241.4,,204.1,278.7,135,133.1,,110.5,155.7
E07000067,Braintree,Non-metropolitan District,135,83.9,,69.7,98.1,80,121.2,,95.7,151.3,55,57.7,,43.4,75.2
E07000068,Brentwood,Non-metropolitan District,137,150.6,,125.2,176.1,77,208.4,,164.2,260.8,60,112.4,,85.0,145.6
E07000069,Castle Point,Non-metropolitan District,141,124.2,,103.4,144.9,93,190.8,,153.0,235.0,48,74.8,,54.9,99.5
E07000070,Chelmsford,Non-metropolitan District,177,96.4,,82.1,110.7,94,116.4,,93.8,142.7,83,80.7,,64.2,100.2
E07000071,Colchester,Non-metropolitan District,153,87.7,,73.8,101.7,84,117.0,,92.7,145.6,69,68.4,,53.2,86.6
E07000072,Epping Forest,Non-metropolitan District,222,155.8,,135.2,176.4,129,216.3,,178.7,253.8,93,107.9,,86.8,132.5
E07000073,Harlow,Non-metropolitan District,92,124.7,,100.3,153.2,47,156.5,,114.4,208.8,45,103.5,,75.1,139.0
E07000074,Maldon,Non-metropolitan District,43,53.3,,38.5,71.8,24,71.9,,45.1,108.4,19,40.8,[u],24.5,63.8
E07000075,Rochford,Non-metropolitan District,124,119.6,,98.4,140.8,76,182.3,,142.0,230.2,48,80.4,,59.1,106.8
E07000076,Tendring,Non-metropolitan District,203,88.7,,76.4,101.0,122,124.3,,101.8,146.7,81,61.4,,48.5,76.6
E07000077,Uttlesford,Non-metropolitan District,64,64.3,,49.5,82.2,42,107.0,,76.4,145.5,22,34.4,,21.4,52.3
E10000015,Hertfordshire,County,"1,331",116.6,,110.3,122.9,755,159.5,,148.0,170.9,576,85.2,,78.2,92.3
E07000095,Broxbourne,Non-metropolitan District,107,112.7,,91.2,134.2,63,159.0,,121.8,203.9,44,79.0,,57.1,106.4
E07000096,Dacorum,Non-metropolitan District,149,100.9,,84.6,117.2,82,133.0,,105.5,165.4,67,77.4,,59.7,98.6
E07000242,East Hertfordshire,Non-metropolitan District,124,83.0,,68.4,97.7,76,123.9,,97.3,155.5,48,53.8,,39.5,71.4
E07000098,Hertsmere,Non-metropolitan District,210,196.0,,169.3,222.7,102,235.2,,189.3,281.0,108,165.8,,133.9,197.7
E07000099,North Hertfordshire,Non-metropolitan District,113,80.2,,65.3,95.1,65,112.9,,86.8,144.3,48,56.7,,41.6,75.4
E07000240,St Albans,Non-metropolitan District,174,121.1,,103.0,139.2,94,153.4,,123.7,188.0,80,95.8,,75.5,119.7
E07000243,Stevenage,Non-metropolitan District,72,95.3,,74.4,120.2,49,162.3,,119.5,215.3,23,51.7,,32.3,78.1
E07000102,Three Rivers,Non-metropolitan District,122,128.2,,105.3,151.1,71,174.9,,136.3,220.8,51,92.2,,68.3,121.7
E07000103,Watford,Non-metropolitan District,144,200.0,,167.1,232.9,79,265.2,,208.7,332.0,65,154.7,,118.9,197.8
E07000241,Welwyn Hatfield,Non-metropolitan District,116,102.4,,83.5,121.3,74,161.7,,126.7,203.3,42,60.6,,43.1,82.7
E10000020,Norfolk,County,666,55.9,,51.6,60.2,360,71.7,,64.2,79.2,306,43.8,,38.8,48.7
E07000143,Breckland,Non-metropolitan District,111,57.2,,46.5,67.9,63,76.7,,58.7,98.5,48,41.9,,30.7,55.8
E07000144,Broadland,Non-metropolitan District,94,52.7,,42.5,64.6,50,68.1,,50.1,90.3,44,41.6,,30.0,56.2
E07000145,Great Yarmouth,Non-metropolitan District,67,52.7,,40.8,66.9,35,63.5,,44.0,88.7,32,44.0,,29.9,62.2
E07000146,King's Lynn and West Norfolk,Non-metropolitan District,184,90.5,,77.3,103.6,101,116.4,,93.2,139.6,83,71.3,,56.7,88.5
E07000147,North Norfolk,Non-metropolitan District,79,42.0,,33.2,52.4,46,59.6,,43.4,79.9,33,28.2,,19.3,39.8
E07000148,Norwich,Non-metropolitan District,44,35.9,,26.0,48.3,18,36.6,[u],21.7,57.9,26,34.7,,22.5,51.2
E07000149,South Norfolk,Non-metropolitan District,87,47.8,,38.3,59.0,47,60.4,,44.1,80.6,40,37.9,,26.9,51.7
E10000029,Suffolk,County,742,76.6,,71.1,82.2,410,100.0,,90.2,109.7,332,59.4,,52.9,65.8
E07000200,Babergh,Non-metropolitan District,122,94.2,,77.4,111.0,59,110.4,,83.7,142.8,63,82.8,,63.3,106.5
E07000202,Ipswich,Non-metropolitan District,164,127.9,,108.2,147.5,93,168.8,,136.1,207.0,71,97.2,,75.6,123.0
E07000203,Mid Suffolk,Non-metropolitan District,101,78.9,,63.5,94.4,61,113.8,,86.4,146.8,40,54.9,,39.0,75.0
E07000244,East Suffolk,Non-metropolitan District,260,70.3,,61.7,78.9,144,90.4,,75.5,105.2,116,55.1,,44.8,65.3
E07000245,West Suffolk,Non-metropolitan District,95,45.0,,36.4,55.1,53,60.9,,45.6,79.8,42,33.8,,24.3,45.8
E12000007,London,Region,"10,070",167.3,,164.0,170.6,"5,963",228.4,,222.5,234.3,"4,107",119.5,,115.8,123.2
E13000001,Inner London,Metropolitan County,"3,199",164.7,,158.9,170.6,"1,919",222.3,,212.0,232.5,"1,280",118.8,,112.2,125.4
E09000007,Camden,London Borough,173,94.8,,80.6,109.0,102,126.4,,101.5,151.3,71,70.0,,54.5,88.4
E09000001,City of London,London Borough,5,[x],,[x],[x],3,[x],,[x],[x],2,[x],,[x],[x]
E09000012,Hackney,London Borough,262,209.2,,183.1,235.3,159,277.7,,232.8,322.7,103,152.1,,122.1,182.1
E09000013,Hammersmith and Fulham,London Borough,177,163.2,,138.9,187.6,98,213.9,,172.7,261.7,79,126.2,,99.7,157.5
E09000014,Haringey,London Borough,300,201.2,,177.9,224.4,199,307.2,,262.6,351.8,101,122.0,,98.0,146.1
E09000019,Islington,London Borough,158,138.3,,116.4,160.2,81,162.8,,128.5,203.2,77,120.2,,94.6,150.5
E09000020,Kensington and Chelsea,London Borough,143,106.0,,88.6,123.4,84,133.8,,106.6,165.8,59,81.7,,62.1,105.4
E09000022,Lambeth,London Borough,287,176.5,,155.4,197.7,176,247.6,,209.1,286.1,111,120.9,,97.9,144.0
E09000023,Lewisham,London Borough,310,186.0,,164.8,207.2,190,270.6,,230.2,311.0,120,127.5,,104.3,150.8
E09000025,Newham,London Borough,423,274.8,,247.7,301.9,261,370.1,,323.0,417.3,162,196.7,,165.7,227.6
E09000028,Southwark,London Borough,256,167.7,,146.6,188.7,151,224.1,,186.6,261.5,105,122.9,,99.0,146.7
E09000030,Tower Hamlets,London Borough,261,225.6,,197.5,253.7,151,284.8,,237.2,332.5,110,174.9,,141.7,208.0
E09000032,Wandsworth,London Borough,241,136.9,,119.3,154.5,148,197.6,,164.7,230.4,93,92.0,,74.0,112.9
E09000033,Westminster,London Borough,203,111.5,,96.1,126.9,116,138.7,,113.2,164.1,87,86.8,,69.4,107.1
E13000002,Outer London,Metropolitan County,"6,871",168.5,,164.5,172.5,"4,044",231.6,,224.4,238.8,"2,827",119.7,,115.3,124.2
E09000002,Barking and Dagenham,London Borough,273,245.8,,216.0,275.5,143,313.1,,260.4,365.8,130,197.4,,162.7,232.1
E09000003,Barnet,London Borough,517,157.5,,143.8,171.2,314,227.0,,201.7,252.2,203,103.5,,89.0,117.9
E09000004,Bexley,London Borough,303,129.5,,114.8,144.2,188,204.7,,175.1,234.3,115,80.4,,65.3,95.4
E09000005,Brent,London Borough,517,225.3,,205.6,244.9,323,317.7,,282.0,353.4,194,153.5,,131.7,175.3
E09000006,Bromley,London Borough,359,112.3,,100.6,124.0,204,156.2,,134.6,177.7,155,79.1,,66.5,91.7
E09000008,Croydon,London Borough,553,188.1,,172.3,203.9,323,252.2,,224.2,280.2,230,137.7,,119.8,155.6
E09000009,Ealing,London Borough,460,188.6,,171.2,206.0,278,255.3,,224.8,285.8,182,135.1,,115.3,154.9
E09000010,Enfield,London Borough,446,179.3,,162.5,196.1,272,257.6,,226.3,288.9,174,120.9,,102.8,139.1
E09000011,Greenwich,London Borough,252,149.3,,130.6,168.1,132,174.4,,143.5,205.4,120,129.3,,105.9,152.7
E09000015,Harrow,London Borough,431,195.9,,177.3,214.5,254,256.0,,224.2,287.7,177,146.7,,124.9,168.6
E09000016,Havering,London Borough,489,186.5,,169.8,203.2,299,287.6,,254.7,320.5,190,118.5,,101.2,135.8
E09000017,Hillingdon,London Borough,388,168.8,,151.9,185.7,207,198.2,,170.9,225.5,181,141.4,,120.6,162.2
E09000018,Hounslow,London Borough,282,158.3,,139.6,177.1,180,228.5,,193.8,263.2,102,101.0,,81.2,120.7
E09000021,Kingston upon Thames,London Borough,171,123.0,,104.4,141.6,93,160.5,,129.1,197.0,78,93.3,,73.4,116.9
E09000024,Merton,London Borough,249,172.2,,150.6,193.8,147,236.6,,197.4,275.8,102,121.1,,97.3,144.8
E09000026,Redbridge,London Borough,465,216.3,,196.5,236.1,287,308.1,,271.9,344.3,178,146.2,,124.4,168.0
E09000027,Richmond upon Thames,London Borough,174,100.3,,85.4,115.3,91,131.8,,105.8,162.1,83,77.6,,61.5,96.6
E09000029,Sutton,London Borough,221,125.9,,109.2,142.6,121,162.9,,133.5,192.3,100,95.8,,76.9,114.8
E09000031,Waltham Forest,London Borough,321,190.2,,169.1,211.3,188,256.2,,219.0,293.5,133,135.1,,111.7,158.5
E12000008,South East,Region,"9,145",93.3,,91.4,95.2,"4,973",121.9,,118.4,125.3,"4,172",71.6,,69.4,73.8
E06000036,Bracknell Forest,Unitary Authority,81,84.4,,67.0,105.0,43,107.4,,77.2,145.2,38,66.7,,47.1,91.6
E06000043,Brighton and Hove,Unitary Authority,194,88.8,,76.2,101.3,108,119.7,,97.0,142.4,86,66.8,,53.2,82.7
E06000046,Isle of Wight,Unitary Authority,99,47.4,,38.5,57.8,45,50.9,,37.0,68.2,54,43.8,,32.9,57.3
E06000035,Medway,Unitary Authority,372,168.7,,151.4,185.9,202,219.1,,187.5,250.6,170,133.1,,113.0,153.1
E06000042,Milton Keynes,Unitary Authority,261,137.1,,120.4,153.9,144,185.6,,154.2,217.0,117,104.4,,85.4,123.4
E06000044,Portsmouth,Unitary Authority,155,94.0,,79.1,108.8,93,137.7,,110.7,169.1,62,61.8,,47.3,79.3
E06000038,Reading,Unitary Authority,182,162.8,,139.0,186.5,95,196.5,,158.7,240.5,87,136.2,,108.9,168.2
E06000039,Slough,Unitary Authority,153,180.4,,151.2,209.5,96,254.8,,203.8,314.1,57,123.1,,92.8,160.1
E06000045,Southampton,Unitary Authority,173,95.0,,80.8,109.2,95,128.4,,103.5,157.4,78,71.5,,56.4,89.5
E06000037,West Berkshire,Unitary Authority,147,93.3,,78.2,108.5,77,111.0,,87.3,139.1,70,77.1,,60.0,97.4
E06000040,Windsor and Maidenhead,Unitary Authority,161,98.2,,82.9,113.5,83,122.8,,97.8,152.3,78,76.3,,60.0,95.5
E06000041,Wokingham,Unitary Authority,178,106.4,,90.8,122.1,93,138.0,,111.0,169.5,85,83.7,,66.8,103.7
E06000060,Buckinghamshire,Unitary Authority,471,82.5,,75.0,89.9,242,103.9,,90.6,117.1,229,66.4,,57.7,75.2
E10000011,East Sussex,County,534,65.8,,60.2,71.5,289,88.2,,78.0,98.4,245,49.6,,43.2,55.9
E07000061,Eastbourne,Non-metropolitan District,84,52.4,,41.5,65.1,44,69.8,,50.6,93.8,40,40.1,,28.2,55.2
E07000062,Hastings,Non-metropolitan District,55,53.3,,40.1,69.5,30,68.6,,46.2,98.2,25,39.2,,25.0,58.3
E07000063,Lewes,Non-metropolitan District,122,79.3,,65.1,93.5,73,120.5,,94.4,151.7,49,51.1,,37.5,67.9
E07000064,Rother,Non-metropolitan District,119,71.9,,58.4,85.4,57,87.2,,65.3,113.7,62,59.7,,45.0,77.4
E07000065,Wealden,Non-metropolitan District,154,67.5,,56.8,78.3,85,90.9,,72.4,112.6,69,51.6,,40.0,65.4
E10000014,Hampshire,County,"1,223",74.2,,70.0,78.3,679,98.2,,90.8,105.7,544,55.9,,51.1,60.6
E07000084,Basingstoke and Deane,Non-metropolitan District,152,96.7,,81.2,112.1,82,123.0,,97.4,153.3,70,77.4,,60.3,97.8
E07000085,East Hampshire,Non-metropolitan District,92,57.4,,46.2,70.4,57,83.0,,62.7,107.7,35,36.3,,25.2,50.7
E07000086,Eastleigh,Non-metropolitan District,94,65.5,,52.9,80.2,50,81.6,,60.4,107.7,44,50.8,,36.8,68.4
E07000087,Fareham,Non-metropolitan District,121,79.4,,65.2,93.7,61,98.8,,75.3,127.2,60,66.3,,50.3,85.6
E07000088,Gosport,Non-metropolitan District,71,79.0,,61.6,99.8,34,88.8,,61.1,124.6,37,71.0,,49.8,98.1
E07000089,Hart,Non-metropolitan District,44,41.5,,30.1,55.7,31,72.6,,49.1,103.4,13,21.0,[u],11.2,36.0
E07000090,Havant,Non-metropolitan District,155,95.5,,80.4,110.6,97,140.7,,113.9,171.8,58,62.1,,46.9,80.5
E07000091,New Forest,Non-metropolitan District,149,48.6,,40.7,56.5,76,60.0,,47.2,75.1,73,39.3,,30.5,49.7
E07000092,Rushmoor,Non-metropolitan District,90,122.2,,98.2,150.2,47,153.8,,112.2,205.6,43,96.0,,69.3,129.6
E07000093,Test Valley,Non-metropolitan District,130,89.6,,74.1,105.1,72,117.2,,91.2,148.3,58,68.5,,51.7,88.9
E07000094,Winchester,Non-metropolitan District,125,81.5,,67.1,95.8,72,114.2,,89.2,143.9,53,57.9,,43.1,76.0
E10000016,Kent,County,"2,122",125.7,,120.3,131.1,"1,176",166.4,,156.8,176.1,946,95.1,,89.0,101.2
E07000105,Ashford,Non-metropolitan District,203,154.1,,132.9,175.4,117,212.4,,173.2,251.5,86,112.2,,89.7,138.6
E07000106,Canterbury,Non-metropolitan District,214,114.6,,99.2,130.1,111,149.3,,121.4,177.3,103,92.3,,74.0,110.5
E07000107,Dartford,Non-metropolitan District,152,175.2,,147.2,203.2,90,237.7,,190.5,292.8,62,123.5,,94.5,158.6
E07000108,Dover,Non-metropolitan District,191,135.3,,116.1,154.6,116,192.2,,156.7,227.8,75,92.7,,72.7,116.5
E07000109,Gravesham,Non-metropolitan District,151,151.8,,127.4,176.1,85,198.8,,158.3,246.4,66,113.9,,87.9,145.3
E07000110,Maidstone,Non-metropolitan District,183,104.3,,89.1,119.5,105,147.4,,118.4,176.3,78,73.4,,58.0,91.8
E07000111,Sevenoaks,Non-metropolitan District,141,98.8,,82.4,115.2,76,123.6,,97.2,155.0,65,76.1,,58.5,97.2
E07000112,Folkestone and Hythe,Non-metropolitan District,203,137.6,,118.6,156.6,120,187.8,,154.0,221.7,83,98.2,,77.7,122.3
E07000113,Swale,Non-metropolitan District,225,160.9,,139.8,182.1,108,183.0,,147.0,219.0,117,144.6,,118.3,170.8
E07000114,Thanet,Non-metropolitan District,233,136.6,,119.0,154.2,128,178.5,,147.0,209.9,105,104.4,,84.3,124.6
E07000115,Tonbridge and Malling,Non-metropolitan District,110,85.1,,69.1,101.1,66,131.1,,100.2,168.2,44,57.3,,41.6,77.1
E07000116,Tunbridge Wells,Non-metropolitan District,116,82.8,,67.6,98.0,54,97.3,,73.1,127.0,62,71.4,,54.2,92.0
E10000025,Oxfordshire,County,600,84.4,,77.6,91.2,321,107.6,,95.8,119.5,279,66.7,,58.8,74.6
E07000177,Cherwell,Non-metropolitan District,129,85.6,,70.8,100.4,71,108.1,,84.2,136.5,58,66.2,,50.2,85.7
E07000178,Oxford,Non-metropolitan District,82,75.4,,59.9,93.6,49,108.9,,80.4,144.1,33,51.7,,35.3,73.0
E07000179,South Oxfordshire,Non-metropolitan District,132,80.7,,66.9,94.6,67,102.8,,79.1,131.2,65,67.7,,52.1,86.4
E07000180,Vale of White Horse,Non-metropolitan District,134,88.0,,73.0,102.9,74,114.9,,90.1,144.4,60,66.3,,50.4,85.4
E07000181,West Oxfordshire,Non-metropolitan District,123,90.7,,74.6,106.7,60,105.1,,80.2,135.4,63,78.8,,60.3,101.0
E10000030,Surrey,County,"1,314",99.8,,94.3,105.2,708,129.9,,120.3,139.5,606,75.9,,69.7,82.0
E07000207,Elmbridge,Non-metropolitan District,126,83.9,,69.1,98.8,65,104.3,,80.4,133.1,61,68.3,,51.8,88.3
E07000208,Epsom and Ewell,Non-metropolitan District,107,133.5,,108.1,158.8,63,179.4,,137.5,229.9,44,94.1,,68.3,126.6
E07000209,Guildford,Non-metropolitan District,102,73.3,,59.0,87.5,50,85.8,,63.4,113.3,52,62.5,,46.4,82.3
E07000210,Mole Valley,Non-metropolitan District,118,100.3,,82.0,118.6,65,131.3,,101.1,167.7,53,75.9,,56.5,99.8
E07000211,Reigate and Banstead,Non-metropolitan District,219,136.4,,118.2,154.6,108,170.8,,138.5,203.1,111,110.6,,89.6,131.7
E07000212,Runnymede,Non-metropolitan District,87,98.8,,79.0,122.1,44,118.9,,86.2,159.8,43,77.5,,55.7,104.9
E07000213,Spelthorne,Non-metropolitan District,107,104.4,,84.5,124.3,69,162.9,,126.1,206.9,38,62.0,,43.7,85.3
E07000214,Surrey Heath,Non-metropolitan District,90,90.3,,72.5,111.1,45,110.5,,80.2,148.4,45,75.2,,54.6,101.0
E07000215,Tandridge,Non-metropolitan District,100,96.4,,77.3,115.4,54,121.9,,91.5,159.2,46,74.8,,54.4,100.3
E07000216,Waverley,Non-metropolitan District,159,92.3,,77.8,106.8,88,130.2,,104.3,160.5,71,64.1,,49.7,81.4
E07000217,Woking,Non-metropolitan District,99,99.6,,80.9,121.4,57,132.6,,100.4,172.0,42,73.2,,52.4,99.3
E10000032,West Sussex,County,725,65.2,,60.4,70.0,384,85.3,,76.7,93.9,341,50.5,,45.1,56.0
E07000223,Adur,Non-metropolitan District,43,54.3,,39.2,73.2,30,87.7,,59.1,125.4,13,29.4,[u],15.4,50.6
E07000224,Arun,Non-metropolitan District,89,34.1,,27.4,42.0,54,51.1,,38.2,66.8,35,22.2,,15.4,31.0
E07000225,Chichester,Non-metropolitan District,98,52.2,,42.3,63.7,58,78.2,,59.2,101.3,40,34.5,,24.4,47.3
E07000226,Crawley,Non-metropolitan District,84,94.7,,75.4,117.5,42,117.6,,84.2,159.6,42,78.9,,56.5,107.2
E07000227,Horsham,Non-metropolitan District,135,75.0,,62.3,87.6,69,93.8,,72.7,118.9,66,61.0,,47.0,77.8
E07000228,Mid Sussex,Non-metropolitan District,189,109.8,,94.1,125.5,88,125.7,,100.7,155.0,101,96.4,,77.4,115.3
E07000229,Worthing,Non-metropolitan District,87,58.8,,47.0,72.7,43,75.9,,54.8,102.3,44,47.2,,34.0,63.7
E12000009,South West,Region,"3,986",59.3,,57.5,61.2,"2,189",78.8,,75.5,82.1,"1,797",44.7,,42.6,46.8
E06000022,Bath and North East Somerset,Unitary Authority,118,58.2,,47.7,68.8,70,84.5,,65.8,107.0,48,38.0,,27.9,50.6
E06000058,"Bournemouth, Christchurch and Poole",Unitary Authority,305,61.4,,54.4,68.3,171,82.5,,70.1,94.9,134,44.5,,36.8,52.2
E06000023,"Bristol, City of",Unitary Authority,349,105.2,,94.1,116.3,175,128.3,,109.1,147.5,174,86.3,,73.3,99.4
"E06000052, E06000053",Cornwall and Isles of Scilly,Unitary Authority,229,32.0,,27.8,36.2,143,47.0,,39.1,54.8,86,20.6,,16.4,25.5
E06000059,Dorset,Unitary Authority,211,34.8,,30.1,39.5,128,51.1,,42.2,60.0,83,23.1,,18.3,28.6
E06000024,North Somerset,Unitary Authority,206,74.2,,64.1,84.4,117,106.2,,86.7,125.7,89,53.7,,43.0,66.3
E06000026,Plymouth,Unitary Authority,120,46.9,,38.5,55.3,58,52.5,,39.8,68.0,62,41.6,,31.9,53.4
E06000025,South Gloucestershire,Unitary Authority,254,86.5,,75.8,97.2,145,121.3,,101.2,141.4,109,61.9,,50.2,73.6
E06000030,Swindon,Unitary Authority,194,103.3,,88.7,117.9,106,129.3,,104.2,154.5,88,80.2,,64.3,98.9
E06000027,Torbay,Unitary Authority,95,48.6,,39.2,59.4,51,62.0,,46.0,81.7,44,37.0,,26.8,49.8
E06000054,Wiltshire,Unitary Authority,448,76.8,,69.6,83.9,220,91.7,,79.4,104.1,228,64.9,,56.5,73.4
E10000008,Devon,County,369,33.6,,30.1,37.0,206,45.7,,39.4,52.0,163,25.2,,21.3,29.1
E07000040,East Devon,Non-metropolitan District,105,42.0,,33.8,50.1,58,56.7,,42.9,73.4,47,31.6,,23.0,42.4
E07000041,Exeter,Non-metropolitan District,64,51.9,,39.9,66.4,31,73.4,,49.5,104.6,33,41.9,,28.4,59.5
E07000042,Mid Devon,Non-metropolitan District,41,40.6,,29.1,55.1,21,46.5,,28.6,71.4,20,35.4,,21.5,54.8
E07000043,North Devon,Non-metropolitan District,41,30.3,,21.8,41.2,22,41.4,,25.7,63.0,19,23.9,[u],14.3,37.4
E07000044,South Hams,Non-metropolitan District,19,15.1,[u],9.0,23.6,13,22.8,[u],12.0,39.1,6,[x],,[x],[x]
E07000045,Teignbridge,Non-metropolitan District,48,25.2,,18.6,33.4,30,39.0,,26.1,56.0,18,16.0,[u],9.4,25.5
E07000046,Torridge,Non-metropolitan District,30,32.1,,21.6,45.9,20,46.9,,28.5,72.7,10,19.3,[u],9.2,35.6
E07000047,West Devon,Non-metropolitan District,21,25.4,,15.7,38.9,11,32.6,[u],15.9,59.0,10,20.8,[u],9.9,38.3
E10000013,Gloucestershire,County,751,104.8,,97.3,112.4,406,138.2,,124.4,151.9,345,80.5,,72.0,89.1
E07000078,Cheltenham,Non-metropolitan District,168,128.5,,108.9,148.0,85,164.1,,130.8,203.1,83,103.7,,82.1,129.1
E07000079,Cotswold,Non-metropolitan District,90,72.7,,58.4,89.5,51,98.8,,73.3,130.3,39,54.2,,38.4,74.3
E07000080,Forest of Dean,Non-metropolitan District,68,64.3,,49.9,81.7,32,73.7,,49.4,105.4,36,58.1,,40.6,80.4
E07000081,Gloucester,Non-metropolitan District,169,147.0,,124.8,169.3,103,227.8,,182.2,273.4,66,94.8,,73.2,120.8
E07000082,Stroud,Non-metropolitan District,133,98.9,,81.9,116.0,70,125.3,,96.4,159.8,63,80.4,,61.7,103.0
E07000083,Tewkesbury,Non-metropolitan District,123,112.0,,92.1,131.8,65,138.8,,106.6,177.5,58,85.8,,65.0,111.0
E10000027,Somerset,County,337,45.0,,40.1,49.8,193,62.8,,53.8,71.8,144,32.0,,26.7,37.3
E07000187,Mendip,Non-metropolitan District,80,54.9,,43.5,68.4,40,67.4,,47.9,92.1,40,47.3,,33.6,64.6
E07000188,Sedgemoor,Non-metropolitan District,91,59.5,,47.8,73.1,52,81.4,,60.4,107.1,39,42.4,,30.0,58.1
E07000189,South Somerset,Non-metropolitan District,103,44.8,,36.1,53.4,61,64.8,,49.3,83.6,42,30.4,,21.8,41.1
E07000246,Somerset West and Taunton,Non-metropolitan District,63,28.5,,21.8,36.6,40,44.4,,31.6,60.6,23,16.8,,10.5,25.4
W92000004,Wales,Country,"4,382",129.7,,125.8,133.5,"2,413",167.8,,161.0,174.6,"1,969",100.5,,96.0,104.9
W06000001,Isle of Anglesey,Unitary Authority,32,33.2,,22.7,46.9,14,34.6,[u],18.6,58.6,18,31.3,[u],18.5,49.6
W06000002,Gwynedd,Unitary Authority,75,49.9,,39.2,62.6,36,57.2,,39.8,79.5,39,45.2,,31.9,62.1
W06000003,Conwy,Unitary Authority,101,56.8,,45.5,68.1,61,79.6,,60.8,102.4,40,39.2,,27.4,54.1
W06000004,Denbighshire,Unitary Authority,136,128.5,,106.5,150.5,77,160.6,,125.7,202.0,59,102.3,,77.5,132.3
W06000005,Flintshire,Unitary Authority,195,119.8,,102.8,136.8,119,170.1,,138.4,201.8,76,82.5,,65.0,103.4
W06000006,Wrexham,Unitary Authority,163,117.0,,99.0,135.0,90,144.1,,115.6,177.5,73,95.4,,74.8,120.0
W06000023,Powys,Unitary Authority,133,71.7,,59.4,84.0,68,88.8,,68.4,113.3,65,61.1,,46.9,78.2
W06000008,Ceredigion,Unitary Authority,38,38.3,,27.1,52.6,22,51.0,,31.9,77.3,16,27.0,[u],15.3,44.1
W06000009,Pembrokeshire,Unitary Authority,76,44.5,,35.0,55.8,50,69.5,,51.4,92.0,26,26.6,,17.3,39.0
W06000010,Carmarthenshire,Unitary Authority,189,81.8,,70.1,93.5,114,116.1,,94.3,137.9,75,57.8,,45.4,72.5
W06000011,Swansea,Unitary Authority,408,160.5,,144.9,176.2,205,197.8,,170.3,225.3,203,130.9,,112.7,149.1
W06000012,Neath Port Talbot,Unitary Authority,269,183.0,,161.0,205.0,155,268.3,,224.0,312.7,114,130.0,,106.0,153.9
W06000013,Bridgend,Unitary Authority,229,157.2,,136.6,177.8,122,192.5,,157.1,228.0,107,128.6,,104.1,153.1
W06000014,Vale of Glamorgan,Unitary Authority,160,111.2,,93.9,128.5,93,156.3,,125.1,192.7,67,77.5,,60.0,98.5
W06000015,Cardiff,Unitary Authority,487,172.4,,157.0,187.7,271,238.5,,209.7,267.3,216,126.1,,109.1,143.2
W06000016,Rhondda Cynon Taf,Unitary Authority,600,264.9,,243.5,286.2,303,301.1,,266.1,336.1,297,228.5,,202.5,254.5
W06000024,Merthyr Tydfil,Unitary Authority,134,242.3,,200.8,283.7,83,343.2,,270.9,428.3,51,165.1,,122.8,217.2
W06000018,Caerphilly,Unitary Authority,267,156.7,,137.6,175.7,151,207.2,,172.4,242.1,116,119.4,,97.6,141.2
W06000019,Blaenau Gwent,Unitary Authority,153,221.6,,186.3,257.0,90,284.3,,227.1,351.3,63,161.9,,124.4,207.2
W06000020,Torfaen,Unitary Authority,173,173.2,,147.3,199.1,90,217.3,,174.0,268.0,83,141.2,,112.3,175.2
W06000021,Monmouthshire,Unitary Authority,123,96.0,,79.0,113.0,65,117.2,,90.0,149.9,58,78.1,,59.0,101.2
W06000022,Newport,Unitary Authority,241,179.7,,156.9,202.6,134,241.9,,199.4,284.3,107,136.8,,110.8,162.8
W11000023,Betsi Cadwaladr University Health Board,Local Health Board,702,83.2,,77.0,89.4,397,109.3,,98.4,120.2,305,63.5,,56.3,70.7
W11000024,Powys Teaching Health Board,Local Health Board,133,71.7,,59.4,84.0,68,88.8,,68.4,113.3,65,61.1,,46.9,78.2
W11000025,Hywel Dda University Health Board,Local Health Board,303,60.7,,53.9,67.6,186,87.0,,74.3,99.7,117,41.4,,33.9,49.0
W11000028,Aneurin Bevan University Health Board,Local Health Board,957,159.5,,149.4,169.7,530,207.3,,189.1,225.5,427,123.2,,111.5,135.0
W11000029,Cardiff and Vale University Health Board,Local Health Board,647,151.5,,139.8,163.2,364,210.4,,188.4,232.4,283,109.4,,96.5,122.2
W11000030,Cwm Taf Morgannwg University Health Board,Local Health Board,963,224.7,,210.4,239.0,508,268.8,,244.6,292.9,455,186.3,,169.1,203.5
W11000031,Swansea Bay University Health Board,Local Health Board,677,168.3,,155.6,181.0,360,221.4,,197.9,244.8,317,130.6,,116.1,145.1
J99000001,Usual residence outside England and Wales,[z],85,[z],,[z],[z],56,[z],,[z],[z],29,[z],,[z],[z]
