Area_code,Area_name,Under 18,18-24,25-29,30-34,35-39,40-44,45-49,50-54,55-59,60-64,65-69,70-74,75-79,80+
E07000223,Adur, 247 ," 2,755 "," 2,340 "," 2,959 "," 3,326 "," 3,640 "," 4,052 "," 4,366 "," 4,273 "," 3,760 "," 3,431 "," 3,939 "," 3,011 "," 4,333 "
E07000026,Allerdale," 1,024 "," 4,910 "," 3,938 "," 4,192 "," 4,480 "," 4,558 "," 5,413 "," 7,274 "," 7,377 "," 6,899 "," 6,179 "," 6,576 "," 4,471 "," 6,128 "
E07000032,Amber Valley, 427 ," 6,064 "," 5,184 "," 5,838 "," 6,115 "," 6,445 "," 7,845 "," 9,336 "," 9,384 "," 8,182 "," 7,285 "," 7,970 "," 5,776 "," 6,774 "
E07000224,Arun, 546 ," 6,796 "," 5,404 "," 6,349 "," 6,613 "," 7,052 "," 8,212 "," 10,367 "," 11,142 "," 10,472 "," 10,232 "," 12,162 "," 9,422 "," 13,266 "
E07000170,Ashfield, 466 ," 5,989 "," 5,087 "," 6,127 "," 6,257 "," 6,239 "," 7,136 "," 8,687 "," 8,690 "," 7,241 "," 6,359 "," 6,467 "," 5,148 "," 6,000 "
E07000105,Ashford, 533 ," 6,206 "," 5,342 "," 6,522 "," 6,655 "," 6,989 "," 7,668 "," 9,296 "," 8,752 "," 7,220 "," 6,399 "," 7,055 "," 5,259 "," 6,482 "
E07000200,Babergh, 408 ," 4,319 "," 3,154 "," 3,635 "," 3,856 "," 4,482 "," 5,267 "," 6,555 "," 6,815 "," 6,039 "," 5,730 "," 6,566 "," 5,009 "," 6,392 "
E09000002,Barking and Dagenham, 485 ," 7,755 "," 7,141 "," 9,589 "," 11,439 "," 12,058 "," 11,504 "," 11,313 "," 9,747 "," 7,535 "," 5,345 "," 4,330 "," 2,962 "," 4,535 "
E09000003,Barnet," 2,070 "," 16,811 "," 17,411 "," 20,441 "," 22,343 "," 23,614 "," 22,445 "," 21,878 "," 20,214 "," 17,288 "," 14,141 "," 13,390 "," 9,747 "," 14,579 "
E08000016,Barnsley, 829 ," 11,049 "," 10,104 "," 11,665 "," 12,162 "," 11,695 "," 13,444 "," 17,346 "," 16,985 "," 14,930 "," 12,861 "," 12,697 "," 9,311 "," 11,137 "
E07000027,Barrow-in-Furness, 277 ," 3,309 "," 2,932 "," 3,159 "," 3,149 "," 2,976 "," 3,692 "," 4,701 "," 4,816 "," 4,228 "," 3,717 "," 3,966 "," 2,908 "," 3,575 "
E07000066,Basildon, 640 ," 8,229 "," 7,469 "," 9,371 "," 10,084 "," 10,063 "," 10,502 "," 11,998 "," 11,544 "," 9,897 "," 7,961 "," 8,448 "," 5,940 "," 8,168 "
E07000084,Basingstoke and Deane, 712 ," 9,237 "," 8,438 "," 10,639 "," 11,086 "," 11,145 "," 11,712 "," 12,812 "," 12,349 "," 9,949 "," 8,210 "," 8,719 "," 6,200 "," 7,878 "
E07000171,Bassetlaw, 475 ," 5,364 "," 4,582 "," 5,140 "," 5,388 "," 5,579 "," 6,622 "," 8,350 "," 8,766 "," 7,540 "," 6,612 "," 7,112 "," 5,242 "," 6,370 "
E06000022,Bath and North East Somerset, 748 ," 16,073 "," 8,744 "," 9,183 "," 9,172 "," 9,568 "," 10,701 "," 12,031 "," 12,109 "," 10,379 "," 9,138 "," 9,625 "," 7,245 "," 10,578 "
E06000055,Bedford, 690 ," 8,224 "," 7,203 "," 8,868 "," 9,659 "," 10,212 "," 10,398 "," 11,592 "," 11,083 "," 9,365 "," 7,900 "," 8,072 "," 5,685 "," 8,078 "
E09000004,Bexley, 780 ," 10,769 "," 9,066 "," 11,300 "," 12,900 "," 13,728 "," 13,707 "," 15,398 "," 15,269 "," 12,759 "," 10,095 "," 10,051 "," 7,481 "," 11,398 "
E08000025,Birmingham," 3,109 "," 52,775 "," 41,781 "," 49,259 "," 52,854 "," 53,553 "," 53,200 "," 57,411 "," 53,872 "," 46,686 "," 38,749 "," 34,952 "," 26,305 "," 38,565 "
E07000129,Blaby, 379 ," 4,729 "," 4,156 "," 5,027 "," 5,425 "," 5,507 "," 5,953 "," 6,880 "," 6,845 "," 6,085 "," 5,171 "," 5,626 "," 4,163 "," 5,533 "
E06000008,Blackburn with Darwen, 604 ," 7,463 "," 5,729 "," 6,645 "," 7,687 "," 7,754 "," 8,303 "," 9,165 "," 8,559 "," 7,497 "," 6,269 "," 5,862 "," 3,873 "," 5,126 "
E06000009,Blackpool, 707 ," 6,022 "," 5,462 "," 6,492 "," 6,269 "," 6,184 "," 7,445 "," 9,587 "," 10,253 "," 8,736 "," 7,271 "," 7,517 "," 5,601 "," 7,460 "
E07000033,Bolsover, 335 ," 3,923 "," 3,571 "," 3,850 "," 3,915 "," 3,719 "," 4,574 "," 5,955 "," 5,722 "," 5,036 "," 4,233 "," 4,250 "," 3,393 "," 3,776 "
E08000001,Bolton," 2,907 "," 13,079 "," 10,418 "," 12,914 "," 14,418 "," 14,512 "," 16,009 "," 18,164 "," 17,711 "," 15,190 "," 13,127 "," 13,576 "," 9,726 "," 11,945 "
E07000136,Boston, 265 ," 2,923 "," 2,341 "," 2,756 "," 2,983 "," 3,007 "," 3,566 "," 4,097 "," 4,360 "," 3,989 "," 3,596 "," 3,697 "," 2,792 "," 3,788 "
E06000058,"Bournemouth, Christchurch and Poole"," 1,153 "," 20,680 "," 15,691 "," 18,467 "," 20,119 "," 21,018 "," 21,806 "," 24,321 "," 24,756 "," 22,039 "," 19,884 "," 21,675 "," 16,483 "," 25,110 "
E06000036,Bracknell Forest, 677 ," 6,108 "," 5,454 "," 6,777 "," 7,515 "," 7,752 "," 7,819 "," 8,285 "," 7,881 "," 6,582 "," 5,303 "," 4,795 "," 3,417 "," 4,611 "
E08000032,Bradford," 2,062 "," 22,409 "," 18,442 "," 23,289 "," 26,461 "," 27,226 "," 27,644 "," 30,007 "," 29,256 "," 26,615 "," 22,547 "," 21,182 "," 13,724 "," 20,836 "
E07000067,Braintree, 569 ," 7,071 "," 5,924 "," 7,017 "," 7,520 "," 7,957 "," 9,164 "," 10,830 "," 10,270 "," 8,763 "," 7,942 "," 8,578 "," 6,138 "," 7,612 "
E07000143,Breckland, 520 ," 6,307 "," 5,375 "," 6,117 "," 6,074 "," 6,468 "," 7,552 "," 9,296 "," 9,943 "," 8,862 "," 8,445 "," 9,358 "," 7,037 "," 9,241 "
E09000005,Brent," 1,181 "," 16,129 "," 18,119 "," 20,101 "," 20,391 "," 19,565 "," 18,446 "," 18,301 "," 16,844 "," 14,225 "," 10,964 "," 8,614 "," 6,247 "," 8,833 "
E07000068,Brentwood, 254 ," 3,547 "," 3,102 "," 3,659 "," 3,921 "," 4,232 "," 4,537 "," 5,190 "," 5,368 "," 4,341 "," 3,608 "," 3,839 "," 2,887 "," 4,657 "
E06000043,Brighton and Hove, 924 ," 20,680 "," 15,347 "," 16,318 "," 16,297 "," 16,713 "," 17,997 "," 18,915 "," 16,994 "," 12,840 "," 10,316 "," 9,817 "," 6,876 "," 10,084 "
E06000023,"Bristol, City of"," 1,382 "," 35,472 "," 31,087 "," 33,064 "," 29,902 "," 26,442 "," 23,833 "," 24,087 "," 23,376 "," 19,438 "," 16,261 "," 15,451 "," 11,001 "," 16,012 "
E07000144,Broadland, 550 ," 6,161 "," 5,028 "," 5,932 "," 6,339 "," 6,827 "," 7,945 "," 9,445 "," 9,552 "," 8,538 "," 7,978 "," 9,004 "," 6,784 "," 9,580 "
E09000006,Bromley," 1,203 "," 13,788 "," 12,610 "," 16,527 "," 19,625 "," 20,980 "," 20,745 "," 21,657 "," 20,725 "," 17,134 "," 13,764 "," 14,796 "," 10,829 "," 16,329 "
E07000234,Bromsgrove, 421 ," 4,689 "," 3,532 "," 4,311 "," 4,872 "," 5,358 "," 6,124 "," 7,078 "," 7,043 "," 6,057 "," 5,536 "," 5,662 "," 4,540 "," 6,344 "
E07000095,Broxbourne, 324 ," 4,200 "," 3,482 "," 4,132 "," 4,848 "," 5,207 "," 5,527 "," 6,460 "," 6,223 "," 5,133 "," 4,111 "," 4,331 "," 3,315 "," 4,881 "
E07000172,Broxtowe, 309 ," 5,992 "," 5,234 "," 5,772 "," 5,747 "," 5,584 "," 6,105 "," 7,422 "," 7,553 "," 6,554 "," 5,859 "," 6,587 "," 4,799 "," 6,311 "
E06000060,Buckinghamshire," 2,433 "," 25,732 "," 20,914 "," 24,969 "," 28,787 "," 32,165 "," 33,982 "," 37,387 "," 36,833 "," 31,106 "," 25,840 "," 26,103 "," 19,882 "," 28,121 "
E07000117,Burnley, 277 ," 3,485 "," 3,125 "," 3,830 "," 4,143 "," 4,167 "," 4,579 "," 5,449 "," 5,655 "," 5,107 "," 4,379 "," 4,600 "," 3,142 "," 3,734 "
E08000002,Bury, 813 ," 7,923 "," 7,334 "," 9,114 "," 10,015 "," 9,758 "," 10,590 "," 12,110 "," 12,391 "," 10,536 "," 8,925 "," 9,538 "," 6,737 "," 8,550 "
E08000033,Calderdale, 929 ," 8,854 "," 7,806 "," 9,225 "," 10,072 "," 10,413 "," 12,173 "," 14,588 "," 14,173 "," 12,437 "," 10,391 "," 10,699 "," 7,437 "," 9,210 "
E07000008,Cambridge, 373 ," 15,719 "," 11,689 "," 10,433 "," 8,607 "," 7,781 "," 6,916 "," 6,705 "," 6,169 "," 4,944 "," 4,324 "," 3,924 "," 2,982 "," 4,524 "
E09000007,Camden, 634 ," 15,249 "," 17,019 "," 16,859 "," 14,028 "," 12,693 "," 11,894 "," 11,689 "," 10,317 "," 8,352 "," 6,581 "," 6,100 "," 4,547 "," 5,861 "
E07000192,Cannock Chase, 357 ," 4,794 "," 4,500 "," 5,283 "," 5,308 "," 4,883 "," 5,873 "," 7,251 "," 7,120 "," 5,865 "," 5,132 "," 5,214 "," 3,918 "," 4,655 "
E07000106,Canterbury, 639 ," 12,449 "," 6,630 "," 6,617 "," 7,034 "," 7,321 "," 8,090 "," 9,364 "," 9,695 "," 8,852 "," 8,338 "," 9,155 "," 6,734 "," 9,137 "
E07000028,Carlisle, 466 ," 5,106 "," 4,560 "," 5,099 "," 5,504 "," 5,233 "," 6,068 "," 7,181 "," 7,710 "," 7,303 "," 6,206 "," 6,314 "," 4,356 "," 6,146 "
E07000069,Castle Point, 316 ," 4,172 "," 3,244 "," 3,750 "," 4,088 "," 4,192 "," 4,842 "," 6,026 "," 6,094 "," 5,481 "," 5,076 "," 6,202 "," 4,729 "," 5,874 "
E06000056,Central Bedfordshire, 973 ," 13,095 "," 11,949 "," 15,061 "," 16,242 "," 16,468 "," 17,125 "," 19,442 "," 19,738 "," 16,754 "," 13,854 "," 14,225 "," 10,300 "," 12,758 "
E07000130,Charnwood, 668 ," 15,080 "," 7,757 "," 8,626 "," 9,384 "," 9,246 "," 9,861 "," 11,467 "," 11,159 "," 10,077 "," 8,982 "," 9,103 "," 6,726 "," 8,727 "
E07000070,Chelmsford, 672 ," 8,518 "," 7,858 "," 9,106 "," 10,022 "," 10,507 "," 11,183 "," 12,009 "," 11,478 "," 9,732 "," 8,429 "," 9,313 "," 6,818 "," 9,484 "
E07000078,Cheltenham, 510 ," 7,283 "," 6,215 "," 6,623 "," 6,933 "," 6,622 "," 6,724 "," 7,387 "," 7,703 "," 6,457 "," 5,506 "," 5,692 "," 4,370 "," 6,824 "
E07000177,Cherwell, 581 ," 7,256 "," 7,097 "," 8,754 "," 9,322 "," 9,339 "," 9,480 "," 10,772 "," 10,661 "," 8,739 "," 7,310 "," 7,405 "," 5,254 "," 7,416 "
E06000049,Cheshire East," 1,583 "," 18,114 "," 15,359 "," 18,190 "," 19,982 "," 20,502 "," 23,797 "," 27,890 "," 28,822 "," 24,644 "," 21,589 "," 23,709 "," 17,635 "," 23,615 "
E06000050,Cheshire West and Chester," 1,387 "," 17,206 "," 13,925 "," 16,235 "," 17,519 "," 17,748 "," 20,285 "," 24,015 "," 25,085 "," 21,733 "," 19,032 "," 19,975 "," 14,550 "," 19,615 "
E07000034,Chesterfield, 376 ," 5,182 "," 4,684 "," 5,047 "," 5,111 "," 5,232 "," 6,035 "," 7,160 "," 7,465 "," 6,669 "," 5,830 "," 5,856 "," 4,355 "," 5,593 "
E07000225,Chichester, 415 ," 6,066 "," 4,340 "," 4,900 "," 5,126 "," 5,644 "," 6,602 "," 7,982 "," 8,974 "," 8,534 "," 7,774 "," 8,529 "," 6,780 "," 9,628 "
E07000118,Chorley, 624 ," 4,862 "," 4,158 "," 5,232 "," 5,923 "," 6,155 "," 6,899 "," 8,137 "," 7,998 "," 6,941 "," 6,106 "," 6,667 "," 4,753 "," 5,570 "
E09000001,City of London, * , * , 936 , 775 , 626 , 468 , 489 , 513 , 480 , 388 , 340 , 310 , 207 , 240 
E07000071,Colchester, 750 ," 11,119 "," 8,407 "," 9,963 "," 10,266 "," 10,731 "," 11,108 "," 12,107 "," 11,463 "," 9,540 "," 8,283 "," 9,394 "," 6,780 "," 8,734 "
E07000029,Copeland, 605 ," 3,293 "," 2,801 "," 3,001 "," 3,180 "," 3,014 "," 3,684 "," 4,706 "," 5,356 "," 4,818 "," 4,157 "," 4,205 "," 2,936 "," 3,753 "
E06000052,Cornwall," 2,008 "," 27,462 "," 20,088 "," 23,429 "," 24,750 "," 26,335 "," 30,548 "," 37,549 "," 40,835 "," 38,564 "," 35,908 "," 38,989 "," 28,661 "," 35,553 "
E07000079,Cotswold, 380 ," 4,498 "," 3,387 "," 3,749 "," 4,239 "," 4,600 "," 5,477 "," 6,527 "," 7,102 "," 6,385 "," 5,869 "," 6,144 "," 4,733 "," 6,413 "
E06000047,County Durham," 1,940 "," 31,405 "," 20,436 "," 22,893 "," 24,883 "," 25,194 "," 28,495 "," 35,713 "," 37,706 "," 33,854 "," 29,983 "," 29,917 "," 21,256 "," 27,021 "
E08000026,Coventry," 1,092 "," 24,177 "," 14,913 "," 17,395 "," 17,937 "," 17,593 "," 17,421 "," 19,303 "," 18,178 "," 15,531 "," 12,792 "," 12,188 "," 9,622 "," 13,548 "
E07000163,Craven, 317 ," 2,613 "," 1,913 "," 2,240 "," 2,354 "," 2,689 "," 3,157 "," 4,207 "," 4,476 "," 4,347 "," 4,002 "," 4,083 "," 3,106 "," 4,056 "
E07000226,Crawley, 580 ," 5,413 "," 5,242 "," 6,728 "," 7,457 "," 7,397 "," 6,784 "," 6,946 "," 6,543 "," 5,642 "," 4,376 "," 4,014 "," 2,553 "," 4,022 "
E09000008,Croydon, 984 ," 14,330 "," 15,096 "," 19,497 "," 21,104 "," 21,006 "," 20,205 "," 21,874 "," 21,699 "," 17,762 "," 13,738 "," 12,661 "," 8,855 "," 12,792 "
E07000096,Dacorum, 618 ," 7,056 "," 6,173 "," 7,820 "," 8,832 "," 9,386 "," 9,578 "," 10,102 "," 10,088 "," 8,664 "," 7,022 "," 6,824 "," 4,909 "," 7,269 "
E06000005,Darlington, 465 ," 4,793 "," 3,988 "," 4,900 "," 5,178 "," 5,569 "," 6,084 "," 7,203 "," 7,410 "," 6,688 "," 5,792 "," 5,844 "," 4,104 "," 5,779 "
E07000107,Dartford, 393 ," 4,446 "," 4,402 "," 5,788 "," 6,865 "," 6,864 "," 6,637 "," 6,881 "," 6,491 "," 5,247 "," 4,083 "," 4,082 "," 2,871 "," 4,312 "
E06000015,Derby, 957 ," 14,626 "," 11,962 "," 12,807 "," 13,752 "," 13,466 "," 14,102 "," 15,257 "," 14,981 "," 12,433 "," 10,640 "," 10,616 "," 7,799 "," 11,568 "
E07000035,Derbyshire Dales, 333 ," 3,469 "," 2,344 "," 2,569 "," 2,710 "," 3,237 "," 4,195 "," 5,537 "," 6,059 "," 5,466 "," 4,942 "," 5,414 "," 4,043 "," 5,101 "
E08000017,Doncaster," 1,435 "," 13,305 "," 12,004 "," 14,314 "," 14,932 "," 14,595 "," 16,208 "," 19,800 "," 20,692 "," 18,689 "," 15,966 "," 15,925 "," 11,280 "," 15,045 "
E06000059,Dorset," 1,495 "," 17,426 "," 12,737 "," 14,422 "," 15,298 "," 16,481 "," 19,735 "," 25,053 "," 28,268 "," 27,663 "," 26,105 "," 29,534 "," 22,351 "," 31,043 "
E07000108,Dover, 391 ," 4,999 "," 4,332 "," 4,905 "," 5,016 "," 5,219 "," 5,893 "," 7,383 "," 8,188 "," 7,597 "," 7,065 "," 7,292 "," 5,466 "," 6,774 "
E08000027,Dudley," 1,079 "," 14,428 "," 12,333 "," 14,459 "," 15,199 "," 15,378 "," 17,525 "," 21,319 "," 20,574 "," 17,389 "," 15,905 "," 16,341 "," 13,295 "," 17,468 "
E09000009,Ealing," 1,249 "," 16,889 "," 18,064 "," 21,229 "," 22,469 "," 23,400 "," 22,028 "," 21,358 "," 19,300 "," 15,661 "," 12,395 "," 10,534 "," 7,310 "," 10,464 "
E07000009,East Cambridgeshire, 450 ," 4,121 "," 3,695 "," 4,485 "," 5,094 "," 5,352 "," 5,835 "," 6,201 "," 5,996 "," 5,181 "," 4,609 "," 4,893 "," 3,539 "," 4,843 "
E07000040,East Devon, 526 ," 6,326 "," 4,934 "," 5,664 "," 6,215 "," 6,543 "," 7,842 "," 9,704 "," 10,299 "," 10,061 "," 9,988 "," 11,567 "," 9,159 "," 13,117 "
E07000085,East Hampshire, 601 ," 6,369 "," 4,709 "," 5,517 "," 6,009 "," 6,752 "," 7,752 "," 9,062 "," 9,439 "," 8,475 "," 7,059 "," 7,573 "," 5,746 "," 7,894 "
E07000242,East Hertfordshire, 629 ," 7,523 "," 6,366 "," 7,206 "," 8,087 "," 8,928 "," 9,991 "," 10,828 "," 10,544 "," 8,685 "," 6,981 "," 7,312 "," 5,125 "," 7,370 "
E07000137,East Lindsey, 491 ," 5,536 "," 4,444 "," 5,070 "," 5,074 "," 5,443 "," 6,951 "," 9,498 "," 11,139 "," 11,102 "," 10,835 "," 11,925 "," 8,895 "," 10,320 "
E06000011,East Riding of Yorkshire," 1,438 "," 15,184 "," 12,244 "," 13,533 "," 14,717 "," 15,791 "," 19,550 "," 24,004 "," 25,900 "," 24,073 "," 22,442 "," 24,854 "," 17,551 "," 23,346 "
E07000193,East Staffordshire, 443 ," 5,173 "," 4,704 "," 5,569 "," 5,896 "," 6,029 "," 6,727 "," 8,108 "," 8,127 "," 7,181 "," 5,935 "," 6,040 "," 4,576 "," 5,868 "
E07000244,East Suffolk, 999 ," 11,737 "," 9,051 "," 9,988 "," 10,412 "," 11,125 "," 13,456 "," 16,624 "," 17,841 "," 17,118 "," 16,054 "," 18,277 "," 13,732 "," 18,528 "
E07000061,Eastbourne, 386 ," 4,690 "," 3,832 "," 4,410 "," 4,609 "," 4,940 "," 5,469 "," 6,300 "," 6,629 "," 5,996 "," 5,461 "," 6,247 "," 4,695 "," 7,317 "
E07000086,Eastleigh, 537 ," 6,566 "," 6,047 "," 7,369 "," 7,738 "," 7,975 "," 8,081 "," 8,995 "," 8,933 "," 7,824 "," 6,764 "," 6,887 "," 5,013 "," 7,221 "
E07000030,Eden, 240 ," 2,616 "," 1,967 "," 2,143 "," 2,282 "," 2,352 "," 2,983 "," 3,976 "," 4,492 "," 4,158 "," 3,708 "," 3,836 "," 2,714 "," 3,640 "
E07000207,Elmbridge, 702 ," 6,282 "," 4,855 "," 6,133 "," 7,931 "," 9,935 "," 10,303 "," 10,042 "," 9,270 "," 7,356 "," 6,017 "," 6,080 "," 4,608 "," 7,305 "
E09000010,Enfield," 2,422 "," 12,695 "," 11,588 "," 13,842 "," 16,250 "," 18,173 "," 17,980 "," 18,922 "," 18,211 "," 15,037 "," 11,535 "," 10,135 "," 7,382 "," 11,329 "
E07000072,Epping Forest, 407 ," 5,421 "," 4,549 "," 5,616 "," 6,332 "," 6,967 "," 7,423 "," 8,962 "," 9,073 "," 7,627 "," 6,371 "," 6,706 "," 4,994 "," 7,058 "
E07000208,Epsom and Ewell, 338 ," 4,171 "," 3,096 "," 3,784 "," 4,780 "," 5,507 "," 5,553 "," 5,458 "," 5,197 "," 4,166 "," 3,477 "," 3,822 "," 2,801 "," 4,016 "
E07000036,Erewash, 380 ," 5,425 "," 4,845 "," 5,494 "," 5,544 "," 5,683 "," 6,656 "," 8,178 "," 8,072 "," 6,750 "," 5,915 "," 6,267 "," 4,723 "," 6,062 "
E07000041,Exeter, 365 ," 14,515 "," 6,505 "," 6,962 "," 6,972 "," 6,458 "," 6,499 "," 7,263 "," 6,948 "," 6,040 "," 5,302 "," 5,494 "," 4,116 "," 6,192 "
E07000087,Fareham, 498 ," 5,505 "," 4,317 "," 5,277 "," 5,455 "," 5,820 "," 6,620 "," 7,900 "," 8,583 "," 7,638 "," 6,420 "," 7,192 "," 5,621 "," 7,982 "
E07000010,Fenland, 358 ," 4,458 "," 3,942 "," 4,515 "," 4,583 "," 4,635 "," 5,360 "," 6,766 "," 7,076 "," 6,328 "," 5,947 "," 6,132 "," 4,620 "," 5,994 "
E07000112,Folkestone and Hythe, 359 ," 4,637 "," 3,908 "," 4,505 "," 4,760 "," 5,258 "," 5,893 "," 7,282 "," 7,847 "," 7,127 "," 6,590 "," 7,484 "," 5,390 "," 6,897 "
E07000080,Forest of Dean, 420 ," 4,241 "," 2,994 "," 3,370 "," 3,353 "," 3,391 "," 4,266 "," 5,631 "," 6,245 "," 5,564 "," 5,083 "," 5,318 "," 3,939 "," 4,833 "
E07000119,Fylde, 428 ," 3,302 "," 2,628 "," 3,050 "," 3,439 "," 3,498 "," 4,172 "," 5,527 "," 6,257 "," 5,948 "," 5,300 "," 5,846 "," 4,569 "," 6,223 "
E08000037,Gateshead, 666 ," 9,163 "," 8,439 "," 9,639 "," 10,341 "," 10,117 "," 10,661 "," 12,808 "," 13,493 "," 12,059 "," 10,275 "," 10,435 "," 7,192 "," 10,679 "
E07000173,Gedling, 387 ," 4,880 "," 4,624 "," 5,582 "," 5,904 "," 6,229 "," 6,713 "," 8,119 "," 8,159 "," 7,018 "," 6,343 "," 6,736 "," 4,809 "," 6,616 "
E07000081,Gloucester, 473 ," 6,884 "," 5,813 "," 6,717 "," 7,003 "," 6,891 "," 7,209 "," 8,449 "," 8,390 "," 7,125 "," 5,685 "," 5,579 "," 4,356 "," 5,796 "
E07000088,Gosport, 270 ," 3,534 "," 3,109 "," 3,615 "," 3,877 "," 3,775 "," 4,317 "," 5,329 "," 5,661 "," 5,140 "," 4,369 "," 4,691 "," 3,367 "," 4,616 "
E07000109,Gravesham, 295 ," 4,396 "," 3,872 "," 4,764 "," 5,379 "," 5,559 "," 5,828 "," 6,758 "," 6,663 "," 5,431 "," 4,637 "," 4,678 "," 3,480 "," 4,928 "
E07000145,Great Yarmouth, 363 ," 4,493 "," 3,774 "," 4,259 "," 4,275 "," 4,493 "," 5,288 "," 6,552 "," 6,907 "," 6,425 "," 5,971 "," 6,461 "," 4,861 "," 6,023 "
E09000011,Greenwich, 586 ," 10,799 "," 14,197 "," 18,342 "," 18,348 "," 17,650 "," 15,528 "," 15,455 "," 13,836 "," 11,031 "," 8,456 "," 7,405 "," 5,188 "," 6,680 "
E07000209,Guildford, 574 ," 10,164 "," 6,559 "," 6,926 "," 7,305 "," 8,203 "," 8,930 "," 9,112 "," 9,260 "," 7,533 "," 6,253 "," 6,461 "," 4,740 "," 7,057 "
E09000012,Hackney, 498 ," 9,988 "," 20,846 "," 23,796 "," 18,414 "," 14,778 "," 12,422 "," 12,159 "," 11,129 "," 8,610 "," 6,255 "," 4,810 "," 3,034 "," 3,994 "
E06000006,Halton, 506 ," 5,601 "," 4,748 "," 5,751 "," 6,483 "," 6,456 "," 7,211 "," 8,303 "," 8,617 "," 7,797 "," 6,966 "," 6,870 "," 4,149 "," 5,048 "
E07000164,Hambleton, 316 ," 4,122 "," 3,213 "," 3,399 "," 3,674 "," 4,061 "," 4,750 "," 6,509 "," 7,453 "," 6,735 "," 6,122 "," 6,587 "," 4,846 "," 6,529 "
E09000013,Hammersmith and Fulham, 392 ," 11,013 "," 16,611 "," 14,666 "," 11,569 "," 10,339 "," 10,140 "," 10,118 "," 8,716 "," 6,440 "," 5,053 "," 4,537 "," 3,149 "," 4,207 "
E07000131,Harborough, 487 ," 4,636 "," 3,518 "," 4,145 "," 4,601 "," 5,125 "," 6,054 "," 7,104 "," 7,079 "," 6,069 "," 5,341 "," 5,698 "," 4,272 "," 5,430 "
E09000014,Haringey, 693 ," 9,944 "," 14,582 "," 17,272 "," 16,976 "," 16,059 "," 15,466 "," 15,031 "," 13,599 "," 10,345 "," 7,756 "," 6,458 "," 4,352 "," 5,910 "
E07000073,Harlow, 233 ," 3,772 "," 3,515 "," 4,688 "," 5,135 "," 5,069 "," 4,759 "," 5,407 "," 5,372 "," 4,612 "," 3,765 "," 3,283 "," 2,328 "," 3,591 "
E07000165,Harrogate, 743 ," 7,357 "," 5,957 "," 6,992 "," 7,661 "," 8,516 "," 9,881 "," 11,878 "," 12,317 "," 10,842 "," 9,243 "," 10,043 "," 7,304 "," 10,612 "
E09000015,Harrow," 1,050 "," 11,947 "," 11,532 "," 13,534 "," 15,757 "," 15,751 "," 13,969 "," 14,014 "," 13,841 "," 12,687 "," 10,679 "," 9,278 "," 6,928 "," 10,568 "
E07000089,Hart, 573 ," 5,185 "," 3,836 "," 4,786 "," 5,432 "," 6,115 "," 6,971 "," 7,074 "," 6,973 "," 5,586 "," 4,593 "," 5,137 "," 4,031 "," 5,462 "
E06000001,Hartlepool, 287 ," 4,152 "," 3,343 "," 3,913 "," 4,221 "," 4,171 "," 4,750 "," 6,097 "," 6,726 "," 6,010 "," 5,081 "," 4,944 "," 3,167 "," 4,552 "
E07000062,Hastings, 249 ," 3,695 "," 3,218 "," 4,013 "," 4,240 "," 4,389 "," 4,792 "," 6,063 "," 6,265 "," 5,388 "," 4,831 "," 4,844 "," 3,358 "," 4,252 "
E07000090,Havant, 443 ," 5,792 "," 4,845 "," 5,704 "," 5,749 "," 5,679 "," 6,492 "," 8,347 "," 8,940 "," 8,392 "," 7,213 "," 7,690 "," 5,870 "," 8,463 "
E09000016,Havering, 792 ," 11,184 "," 9,901 "," 11,895 "," 13,390 "," 13,415 "," 13,555 "," 15,437 "," 15,568 "," 13,764 "," 11,090 "," 11,601 "," 8,365 "," 12,708 "
E06000019,"Herefordshire, County of", 822 ," 8,438 "," 6,749 "," 7,879 "," 7,938 "," 8,106 "," 9,753 "," 12,510 "," 13,680 "," 12,875 "," 11,901 "," 12,424 "," 9,355 "," 12,681 "
E07000098,Hertsmere, 752 ," 5,370 "," 4,250 "," 4,844 "," 5,914 "," 6,464 "," 6,628 "," 6,863 "," 6,989 "," 5,681 "," 4,654 "," 4,801 "," 3,578 "," 5,504 "
E07000037,High Peak, 426 ," 4,529 "," 3,675 "," 4,396 "," 4,543 "," 4,696 "," 5,430 "," 6,911 "," 7,292 "," 6,413 "," 5,378 "," 5,464 "," 3,909 "," 4,655 "
E09000017,Hillingdon," 1,104 "," 15,885 "," 13,393 "," 16,272 "," 19,010 "," 19,056 "," 17,420 "," 17,807 "," 16,812 "," 13,980 "," 11,005 "," 9,861 "," 7,085 "," 11,031 "
E07000132,Hinckley and Bosworth, 419 ," 4,855 "," 4,478 "," 5,282 "," 5,765 "," 5,844 "," 6,650 "," 7,998 "," 7,870 "," 7,035 "," 6,447 "," 6,983 "," 5,099 "," 6,243 "
E07000227,Horsham, 653 ," 7,111 "," 5,845 "," 6,740 "," 7,415 "," 8,119 "," 8,835 "," 10,347 "," 10,803 "," 9,407 "," 8,146 "," 8,701 "," 6,585 "," 9,256 "
E09000018,Hounslow," 1,172 "," 12,926 "," 13,344 "," 17,150 "," 19,353 "," 19,247 "," 17,522 "," 16,578 "," 14,766 "," 12,300 "," 9,785 "," 8,267 "," 5,710 "," 7,673 "
E07000011,Huntingdonshire, 787 ," 8,720 "," 7,684 "," 9,303 "," 9,724 "," 9,954 "," 11,066 "," 12,496 "," 12,498 "," 10,774 "," 9,339 "," 10,017 "," 7,336 "," 8,958 "
E07000120,Hyndburn, 372 ," 3,188 "," 2,792 "," 3,406 "," 3,511 "," 3,581 "," 4,173 "," 5,108 "," 5,073 "," 4,450 "," 3,807 "," 4,014 "," 2,888 "," 3,469 "
E07000202,Ipswich, 555 ," 6,758 "," 6,450 "," 7,581 "," 7,735 "," 7,623 "," 7,684 "," 8,292 "," 7,958 "," 6,871 "," 5,947 "," 5,753 "," 4,080 "," 6,155 "
E06000046,Isle of Wight, 431 ," 5,331 "," 4,407 "," 5,038 "," 5,155 "," 5,696 "," 6,810 "," 9,284 "," 10,300 "," 9,953 "," 9,879 "," 10,793 "," 8,386 "," 10,209 "
E06000053,Isles of Scilly, * , * , 140 , 124 , 139 , 131 , 118 , 147 , 160 , 127 , 117 , 138 , 129 , 163 
E09000019,Islington, 350 ," 11,822 "," 20,436 "," 20,976 "," 14,975 "," 12,033 "," 10,455 "," 10,890 "," 10,181 "," 7,748 "," 5,803 "," 5,019 "," 3,344 "," 4,338 "
E09000020,Kensington and Chelsea, 428 ," 7,163 "," 8,987 "," 9,237 "," 8,260 "," 7,989 "," 8,315 "," 8,764 "," 8,348 "," 6,373 "," 5,083 "," 4,760 "," 3,612 "," 4,657 "
E07000146,King's Lynn and West Norfolk, 478 ," 6,420 "," 5,560 "," 6,364 "," 6,429 "," 6,680 "," 7,930 "," 9,778 "," 10,789 "," 9,952 "," 9,424 "," 10,416 "," 8,009 "," 10,608 "
E06000010,"Kingston upon Hull, City of", 847 ," 12,943 "," 11,679 "," 13,300 "," 13,342 "," 12,304 "," 13,693 "," 15,296 "," 15,872 "," 13,901 "," 11,499 "," 10,868 "," 6,849 "," 9,642 "
E09000021,Kingston upon Thames, 701 ," 9,392 "," 8,573 "," 9,762 "," 10,630 "," 11,690 "," 11,412 "," 10,677 "," 9,609 "," 7,773 "," 6,391 "," 6,304 "," 4,354 "," 6,132 "
E08000034,Kirklees," 1,881 "," 21,246 "," 16,305 "," 19,222 "," 21,361 "," 22,117 "," 24,299 "," 27,905 "," 26,558 "," 23,097 "," 19,961 "," 20,481 "," 14,412 "," 18,532 "
E08000011,Knowsley, 351 ," 5,942 "," 5,557 "," 6,686 "," 6,928 "," 6,550 "," 7,295 "," 9,563 "," 10,766 "," 9,840 "," 7,753 "," 6,565 "," 4,197 "," 6,220 "
E09000022,Lambeth, 890 ," 17,111 "," 33,438 "," 28,748 "," 20,903 "," 18,315 "," 16,941 "," 16,679 "," 15,250 "," 11,363 "," 7,915 "," 6,153 "," 4,067 "," 5,849 "
E07000121,Lancaster," 1,127 "," 12,056 "," 5,775 "," 6,323 "," 6,742 "," 6,565 "," 7,121 "," 8,814 "," 9,358 "," 8,504 "," 7,551 "," 7,785 "," 5,640 "," 7,679 "
E08000035,Leeds," 2,299 "," 50,570 "," 39,272 "," 42,767 "," 43,807 "," 42,541 "," 42,699 "," 45,835 "," 44,797 "," 38,480 "," 32,175 "," 33,156 "," 23,156 "," 33,434 "
E06000016,Leicester," 1,108 "," 23,915 "," 16,483 "," 17,834 "," 19,669 "," 19,664 "," 18,989 "," 19,188 "," 17,706 "," 15,910 "," 13,128 "," 10,687 "," 6,973 "," 10,196 "
E07000063,Lewes, 404 ," 4,487 "," 3,237 "," 4,031 "," 4,467 "," 4,846 "," 5,661 "," 6,829 "," 7,093 "," 6,434 "," 6,179 "," 6,755 "," 5,131 "," 7,428 "
E09000023,Lewisham, 601 ," 10,366 "," 16,297 "," 20,752 "," 19,928 "," 17,997 "," 16,238 "," 15,793 "," 14,997 "," 11,341 "," 7,842 "," 6,244 "," 4,500 "," 6,514 "
E07000194,Lichfield, 421 ," 4,755 "," 4,070 "," 4,528 "," 4,897 "," 5,262 "," 6,269 "," 7,546 "," 7,526 "," 6,379 "," 5,964 "," 6,740 "," 5,640 "," 6,367 "
E07000138,Lincoln, 273 ," 10,250 "," 4,953 "," 5,018 "," 4,720 "," 4,461 "," 4,640 "," 5,293 "," 5,526 "," 4,670 "," 3,931 "," 3,861 "," 2,733 "," 3,954 "
E08000012,Liverpool," 1,219 "," 29,972 "," 21,522 "," 22,530 "," 22,863 "," 21,311 "," 21,439 "," 25,206 "," 27,878 "," 25,607 "," 21,042 "," 18,952 "," 12,589 "," 17,475 "
E06000032,Luton, 521 ," 9,455 "," 8,291 "," 9,706 "," 10,971 "," 11,652 "," 10,913 "," 11,315 "," 10,708 "," 8,767 "," 6,948 "," 5,962 "," 4,505 "," 6,890 "
E07000110,Maidstone, 603 ," 7,542 "," 6,762 "," 8,260 "," 8,969 "," 9,340 "," 10,223 "," 11,505 "," 11,150 "," 9,515 "," 8,224 "," 8,961 "," 6,467 "," 8,702 "
E07000074,Maldon, 250 ," 3,102 "," 2,258 "," 2,506 "," 2,714 "," 2,959 "," 3,772 "," 4,980 "," 5,012 "," 4,623 "," 4,104 "," 4,550 "," 3,371 "," 4,157 "
E07000235,Malvern Hills, 420 ," 3,680 "," 2,685 "," 3,094 "," 3,197 "," 3,656 "," 4,330 "," 5,600 "," 6,166 "," 5,799 "," 5,285 "," 5,861 "," 4,394 "," 6,068 "
E08000003,Manchester," 1,624 "," 38,607 "," 33,021 "," 32,475 "," 31,011 "," 28,091 "," 25,641 "," 26,404 "," 23,606 "," 19,616 "," 15,229 "," 12,942 "," 8,609 "," 11,539 "
E07000174,Mansfield, 305 ," 4,643 "," 4,386 "," 5,242 "," 5,643 "," 5,355 "," 5,891 "," 7,247 "," 7,592 "," 6,718 "," 5,719 "," 5,543 "," 4,207 "," 5,117 "
E06000035,Medway," 1,019 "," 12,743 "," 10,744 "," 13,359 "," 14,255 "," 14,877 "," 15,117 "," 17,134 "," 17,374 "," 14,741 "," 12,275 "," 12,443 "," 8,598 "," 10,559 "
E07000133,Melton, 193 ," 2,377 "," 1,994 "," 2,153 "," 2,238 "," 2,515 "," 2,906 "," 3,861 "," 4,125 "," 3,497 "," 3,174 "," 3,373 "," 2,401 "," 2,999 "
E07000187,Mendip, 590 ," 5,340 "," 4,147 "," 4,915 "," 5,126 "," 5,541 "," 6,539 "," 8,241 "," 8,410 "," 7,461 "," 6,863 "," 7,308 "," 5,330 "," 7,184 "
E09000024,Merton, 738 ," 9,242 "," 11,647 "," 13,946 "," 14,635 "," 14,628 "," 13,244 "," 12,615 "," 11,285 "," 9,338 "," 7,297 "," 6,531 "," 4,465 "," 6,750 "
E07000042,Mid Devon, 365 ," 3,894 "," 3,149 "," 3,537 "," 3,955 "," 4,062 "," 4,651 "," 5,812 "," 6,070 "," 5,471 "," 5,033 "," 5,297 "," 3,921 "," 5,073 "
E07000203,Mid Suffolk, 514 ," 5,182 "," 4,068 "," 4,534 "," 4,703 "," 4,818 "," 5,897 "," 7,230 "," 7,771 "," 7,109 "," 6,564 "," 7,125 "," 5,153 "," 6,513 "
E07000228,Mid Sussex, 727 ," 7,049 "," 5,835 "," 7,497 "," 8,514 "," 9,258 "," 9,942 "," 10,575 "," 10,082 "," 8,506 "," 7,556 "," 7,960 "," 6,258 "," 8,713 "
E06000002,Middlesbrough, 413 ," 6,600 "," 6,018 "," 6,898 "," 7,108 "," 6,576 "," 6,915 "," 8,014 "," 8,868 "," 8,301 "," 6,885 "," 6,185 "," 4,163 "," 5,872 "
E06000042,Milton Keynes," 1,026 "," 12,248 "," 11,660 "," 14,965 "," 17,392 "," 18,266 "," 17,311 "," 17,339 "," 15,799 "," 13,627 "," 11,630 "," 10,772 "," 6,974 "," 8,600 "
E07000210,Mole Valley, 378 ," 4,269 "," 3,348 "," 3,443 "," 4,061 "," 4,950 "," 5,673 "," 6,450 "," 6,645 "," 5,719 "," 4,981 "," 5,029 "," 4,077 "," 6,084 "
E07000091,New Forest, 701 ," 8,082 "," 6,207 "," 7,020 "," 7,540 "," 8,089 "," 9,531 "," 12,033 "," 13,530 "," 12,420 "," 11,849 "," 13,228 "," 10,222 "," 15,107 "
E07000175,Newark and Sherwood, 407 ," 5,675 "," 4,675 "," 5,263 "," 5,479 "," 5,699 "," 6,864 "," 8,504 "," 8,833 "," 7,867 "," 6,966 "," 7,498 "," 5,536 "," 6,824 "
E08000021,Newcastle upon Tyne, 781 ," 24,600 "," 15,726 "," 15,302 "," 15,172 "," 13,805 "," 13,665 "," 15,070 "," 16,030 "," 14,612 "," 11,993 "," 11,377 "," 7,571 "," 11,570 "
E07000195,Newcastle-under-Lyme, 481 ," 8,414 "," 5,152 "," 5,781 "," 6,006 "," 6,068 "," 6,897 "," 8,406 "," 8,361 "," 7,637 "," 6,625 "," 7,108 "," 5,196 "," 7,066 "
E09000025,Newham, 686 ," 17,501 "," 21,287 "," 23,823 "," 23,075 "," 20,686 "," 17,910 "," 16,651 "," 13,916 "," 11,261 "," 8,091 "," 5,654 "," 3,550 "," 4,912 "
E07000043,North Devon, 322 ," 4,266 "," 3,509 "," 4,084 "," 4,115 "," 4,593 "," 5,353 "," 6,748 "," 7,406 "," 6,895 "," 6,113 "," 6,726 "," 5,205 "," 6,735 "
E07000038,North East Derbyshire, 476 ," 4,883 "," 4,259 "," 4,635 "," 4,788 "," 5,017 "," 5,814 "," 7,286 "," 7,433 "," 6,865 "," 6,244 "," 6,675 "," 5,330 "," 6,320 "
E06000012,North East Lincolnshire, 579 ," 6,562 "," 5,669 "," 7,053 "," 7,194 "," 6,837 "," 8,199 "," 10,075 "," 11,037 "," 9,639 "," 8,417 "," 8,575 "," 6,037 "," 8,733 "
E07000099,North Hertfordshire, 482 ," 6,010 "," 5,718 "," 6,801 "," 7,594 "," 8,280 "," 8,701 "," 8,917 "," 8,986 "," 7,459 "," 6,302 "," 6,569 "," 4,876 "," 7,378 "
E07000139,North Kesteven, 503 ," 5,878 "," 4,743 "," 5,158 "," 5,299 "," 5,436 "," 6,622 "," 8,280 "," 8,617 "," 7,386 "," 6,507 "," 7,400 "," 5,714 "," 7,233 "
E06000013,North Lincolnshire, 607 ," 7,346 "," 6,140 "," 7,443 "," 7,928 "," 7,817 "," 9,138 "," 11,615 "," 12,237 "," 10,903 "," 9,684 "," 9,957 "," 7,090 "," 9,276 "
E07000147,North Norfolk, 307 ," 3,890 "," 3,189 "," 3,479 "," 3,700 "," 3,852 "," 4,960 "," 6,565 "," 7,623 "," 8,132 "," 7,986 "," 9,177 "," 6,830 "," 9,332 "
E06000061,North Northamptonshire," 1,347 "," 15,160 "," 13,198 "," 16,212 "," 17,604 "," 18,368 "," 20,375 "," 23,689 "," 22,976 "," 19,315 "," 17,126 "," 17,704 "," 12,667 "," 15,262 "
E06000024,North Somerset, 983 ," 10,678 "," 8,256 "," 9,833 "," 11,054 "," 11,925 "," 13,104 "," 14,674 "," 15,078 "," 13,117 "," 12,226 "," 13,619 "," 10,545 "," 14,484 "
E08000022,North Tyneside, 753 ," 9,373 "," 8,574 "," 10,525 "," 11,652 "," 11,842 "," 12,272 "," 13,593 "," 14,388 "," 13,011 "," 11,730 "," 11,479 "," 7,658 "," 10,799 "
E07000218,North Warwickshire, 243 ," 2,929 "," 2,478 "," 3,101 "," 3,058 "," 3,036 "," 3,780 "," 4,807 "," 4,826 "," 4,298 "," 3,656 "," 3,858 "," 2,919 "," 3,548 "
E07000134,North West Leicestershire, 433 ," 5,253 "," 4,227 "," 4,958 "," 5,351 "," 5,463 "," 6,458 "," 7,542 "," 7,275 "," 6,191 "," 5,542 "," 5,903 "," 4,260 "," 4,800 "
E06000057,Northumberland," 1,355 "," 15,143 "," 12,000 "," 13,271 "," 14,517 "," 15,253 "," 17,753 "," 21,668 "," 24,510 "," 23,752 "," 21,867 "," 22,431 "," 15,474 "," 19,620 "
E07000148,Norwich, 438 ," 14,133 "," 8,437 "," 8,718 "," 8,221 "," 7,520 "," 7,286 "," 7,531 "," 7,171 "," 6,101 "," 5,569 "," 5,478 "," 3,954 "," 5,746 "
E06000018,Nottingham, 629 ," 32,029 "," 14,646 "," 15,039 "," 14,330 "," 13,584 "," 14,022 "," 15,262 "," 14,968 "," 12,479 "," 10,092 "," 9,240 "," 6,498 "," 9,639 "
E07000219,Nuneaton and Bedworth, 452 ," 6,132 "," 5,422 "," 6,679 "," 6,636 "," 6,655 "," 7,416 "," 8,772 "," 8,651 "," 7,456 "," 6,589 "," 6,756 "," 5,127 "," 6,133 "
E07000135,Oadby and Wigston, 255 ," 3,502 "," 2,243 "," 2,502 "," 2,823 "," 3,001 "," 3,107 "," 3,575 "," 3,691 "," 3,339 "," 2,823 "," 2,943 "," 2,301 "," 3,706 "
E08000004,Oldham, 844 ," 10,391 "," 8,143 "," 10,258 "," 11,269 "," 11,666 "," 12,411 "," 14,294 "," 13,694 "," 11,754 "," 10,203 "," 10,193 "," 7,296 "," 9,031 "
E07000178,Oxford, 435 ," 19,290 "," 12,003 "," 10,546 "," 9,222 "," 8,395 "," 7,822 "," 7,866 "," 7,456 "," 6,075 "," 4,882 "," 4,609 "," 3,340 "," 4,923 "
E07000122,Pendle, 283 ," 3,634 "," 2,800 "," 3,735 "," 4,363 "," 4,269 "," 4,659 "," 5,409 "," 5,522 "," 5,150 "," 4,458 "," 4,694 "," 3,128 "," 4,001 "
E06000031,Peterborough, 565 ," 8,118 "," 7,937 "," 10,102 "," 11,462 "," 11,397 "," 11,270 "," 11,892 "," 11,121 "," 9,543 "," 8,047 "," 7,726 "," 5,462 "," 7,814 "
E06000026,Plymouth, 751 ," 17,331 "," 11,893 "," 13,188 "," 13,351 "," 12,805 "," 13,915 "," 16,136 "," 16,342 "," 14,665 "," 12,402 "," 12,769 "," 9,541 "," 12,745 "
E06000044,Portsmouth, 671 ," 14,105 "," 10,291 "," 11,258 "," 11,400 "," 10,309 "," 10,581 "," 12,226 "," 12,125 "," 10,040 "," 7,968 "," 7,858 "," 5,714 "," 7,997 "
E07000123,Preston, 891 ," 9,514 "," 6,866 "," 7,145 "," 7,177 "," 7,317 "," 7,688 "," 8,511 "," 8,478 "," 7,225 "," 5,822 "," 5,484 "," 3,874 "," 5,639 "
E06000038,Reading, 402 ," 10,220 "," 9,583 "," 11,345 "," 11,309 "," 10,665 "," 9,776 "," 9,575 "," 8,676 "," 6,914 "," 5,497 "," 5,046 "," 3,826 "," 5,553 "
E09000026,Redbridge," 1,198 "," 14,041 "," 12,641 "," 16,158 "," 19,011 "," 19,024 "," 16,964 "," 16,409 "," 15,072 "," 12,961 "," 10,396 "," 9,023 "," 6,211 "," 9,532 "
E06000003,Redcar and Cleveland, 499 ," 5,759 "," 4,882 "," 5,651 "," 5,980 "," 6,096 "," 7,091 "," 9,199 "," 10,186 "," 9,132 "," 8,055 "," 8,415 "," 6,162 "," 7,954 "
E07000236,Redditch, 260 ," 3,768 "," 3,406 "," 4,132 "," 4,383 "," 4,602 "," 4,681 "," 5,269 "," 5,126 "," 4,793 "," 4,631 "," 4,565 "," 3,042 "," 3,348 "
E07000211,Reigate and Banstead, 601 ," 6,792 "," 5,977 "," 7,818 "," 8,944 "," 9,550 "," 9,582 "," 9,778 "," 9,755 "," 7,957 "," 6,521 "," 6,895 "," 4,966 "," 7,524 "
E07000124,Ribble Valley, 296 ," 3,058 "," 2,054 "," 2,451 "," 2,695 "," 2,916 "," 3,587 "," 4,676 "," 4,928 "," 4,443 "," 3,707 "," 3,977 "," 2,965 "," 3,859 "
E09000027,Richmond upon Thames," 1,071 "," 8,936 "," 8,538 "," 10,173 "," 12,095 "," 14,367 "," 14,645 "," 13,964 "," 12,639 "," 9,866 "," 7,992 "," 8,350 "," 5,937 "," 7,766 "
E07000166,Richmondshire, 150 ," 2,231 "," 1,635 "," 1,852 "," 1,926 "," 2,029 "," 2,517 "," 3,395 "," 3,640 "," 3,491 "," 3,035 "," 3,160 "," 2,228 "," 2,858 "
E08000005,Rochdale, 866 ," 9,080 "," 7,798 "," 9,794 "," 10,792 "," 10,897 "," 11,560 "," 13,364 "," 13,104 "," 11,605 "," 10,200 "," 9,863 "," 6,645 "," 8,197 "
E07000075,Rochford, 362 ," 4,367 "," 3,335 "," 3,750 "," 4,114 "," 4,517 "," 5,170 "," 6,284 "," 6,118 "," 5,287 "," 4,616 "," 5,401 "," 4,057 "," 5,406 "
E07000125,Rossendale, 250 ," 2,748 "," 2,353 "," 2,989 "," 3,198 "," 3,524 "," 3,992 "," 4,875 "," 4,823 "," 4,156 "," 3,653 "," 3,761 "," 2,503 "," 2,959 "
E07000064,Rother, 321 ," 3,809 "," 2,915 "," 3,125 "," 3,309 "," 3,637 "," 4,496 "," 6,065 "," 6,986 "," 6,814 "," 6,657 "," 8,052 "," 6,095 "," 8,503 "
E08000018,Rotherham," 1,202 "," 12,833 "," 11,034 "," 13,103 "," 13,565 "," 13,177 "," 15,046 "," 18,120 "," 17,629 "," 15,720 "," 13,574 "," 13,802 "," 10,322 "," 12,841 "
E07000220,Rugby, 451 ," 4,968 "," 4,293 "," 5,479 "," 5,965 "," 6,200 "," 6,624 "," 7,360 "," 7,195 "," 5,899 "," 4,916 "," 5,246 "," 4,359 "," 5,542 "
E07000212,Runnymede, 307 ," 5,778 "," 3,558 "," 4,186 "," 4,530 "," 4,955 "," 5,284 "," 5,485 "," 5,482 "," 4,505 "," 3,644 "," 3,737 "," 2,875 "," 4,407 "
E07000176,Rushcliffe, 487 ," 6,610 "," 4,734 "," 5,483 "," 6,361 "," 6,987 "," 7,348 "," 8,187 "," 8,146 "," 6,970 "," 6,210 "," 6,679 "," 5,023 "," 6,986 "
E07000092,Rushmoor, 300 ," 4,886 "," 5,119 "," 6,397 "," 6,164 "," 5,776 "," 5,835 "," 6,468 "," 6,313 "," 4,813 "," 3,913 "," 4,059 "," 2,959 "," 3,682 "
E06000017,Rutland, 250 ," 1,794 "," 1,214 "," 1,456 "," 1,631 "," 1,849 "," 2,171 "," 2,736 "," 2,725 "," 2,587 "," 2,398 "," 2,750 "," 2,084 "," 2,835 "
E07000167,Ryedale, 235 ," 2,526 "," 1,978 "," 2,252 "," 2,321 "," 2,410 "," 3,018 "," 3,898 "," 4,434 "," 4,084 "," 3,810 "," 4,019 "," 2,966 "," 3,970 "
E08000006,Salford, 725 ," 12,835 "," 14,566 "," 14,888 "," 13,867 "," 12,120 "," 11,968 "," 13,488 "," 13,521 "," 11,571 "," 9,021 "," 9,451 "," 6,637 "," 8,953 "
E08000028,Sandwell, 997 ," 13,958 "," 11,782 "," 14,846 "," 16,720 "," 17,052 "," 18,018 "," 19,911 "," 18,424 "," 15,642 "," 12,938 "," 11,950 "," 9,177 "," 12,444 "
E07000168,Scarborough, 446 ," 4,778 "," 4,044 "," 4,682 "," 4,608 "," 4,588 "," 5,655 "," 7,109 "," 8,253 "," 8,064 "," 7,488 "," 8,019 "," 5,777 "," 7,637 "
E07000188,Sedgemoor, 510 ," 5,960 "," 4,795 "," 5,444 "," 5,561 "," 5,722 "," 6,825 "," 8,677 "," 9,202 "," 8,040 "," 7,383 "," 7,992 "," 5,891 "," 7,650 "
E08000014,Sefton, 921 ," 11,229 "," 9,184 "," 10,958 "," 12,086 "," 12,157 "," 13,978 "," 17,842 "," 19,961 "," 18,454 "," 15,942 "," 15,723 "," 11,889 "," 17,794 "
E07000169,Selby, 409 ," 4,366 "," 3,913 "," 4,733 "," 4,808 "," 4,810 "," 5,617 "," 6,608 "," 6,941 "," 6,099 "," 5,066 "," 5,325 "," 3,642 "," 4,373 "
E07000111,Sevenoaks, 468 ," 5,144 "," 4,068 "," 4,940 "," 5,904 "," 6,814 "," 7,445 "," 8,283 "," 8,264 "," 7,030 "," 6,164 "," 6,712 "," 5,074 "," 7,156 "
E08000019,Sheffield," 1,981 "," 41,954 "," 27,765 "," 28,357 "," 27,617 "," 27,172 "," 28,518 "," 33,357 "," 32,317 "," 28,047 "," 23,680 "," 23,797 "," 18,285 "," 25,528 "
E06000051,Shropshire," 1,315 "," 14,538 "," 11,343 "," 13,169 "," 13,469 "," 13,815 "," 17,273 "," 21,887 "," 23,778 "," 21,612 "," 19,697 "," 20,709 "," 16,260 "," 20,734 "
E06000039,Slough, 551 ," 6,264 "," 5,790 "," 8,139 "," 10,318 "," 10,519 "," 9,055 "," 8,180 "," 7,058 "," 6,016 "," 4,675 "," 3,553 "," 2,307 "," 3,588 "
E08000029,Solihull, 968 ," 9,882 "," 7,987 "," 9,421 "," 10,683 "," 11,360 "," 12,512 "," 14,554 "," 14,688 "," 12,498 "," 10,526 "," 11,737 "," 9,223 "," 12,695 "
E07000246,Somerset West and Taunton, 732 ," 7,328 "," 6,289 "," 7,137 "," 7,345 "," 7,303 "," 8,347 "," 10,271 "," 11,094 "," 10,343 "," 9,764 "," 10,318 "," 7,976 "," 11,204 "
E07000012,South Cambridgeshire, 725 ," 7,717 "," 6,777 "," 8,370 "," 9,547 "," 10,624 "," 11,074 "," 11,232 "," 10,809 "," 9,023 "," 7,852 "," 8,327 "," 6,306 "," 8,607 "
E07000039,South Derbyshire, 482 ," 5,434 "," 4,928 "," 5,587 "," 5,840 "," 5,979 "," 6,739 "," 7,999 "," 7,531 "," 6,170 "," 5,574 "," 5,510 "," 3,939 "," 4,606 "
E06000025,South Gloucestershire," 1,196 "," 17,905 "," 14,484 "," 15,949 "," 16,333 "," 15,837 "," 16,586 "," 19,103 "," 19,044 "," 15,563 "," 13,118 "," 13,780 "," 11,128 "," 15,026 "
E07000044,South Hams, 339 ," 3,637 "," 2,682 "," 3,267 "," 3,521 "," 3,900 "," 4,558 "," 5,967 "," 6,855 "," 6,769 "," 6,164 "," 6,688 "," 4,886 "," 6,217 "
E07000140,South Holland, 302 ," 4,039 "," 3,167 "," 3,653 "," 3,915 "," 4,227 "," 5,121 "," 6,186 "," 6,626 "," 5,803 "," 5,439 "," 6,053 "," 4,441 "," 6,082 "
E07000141,South Kesteven, 590 ," 6,981 "," 5,668 "," 6,306 "," 6,858 "," 7,466 "," 8,769 "," 10,150 "," 10,465 "," 9,370 "," 8,332 "," 8,939 "," 6,727 "," 8,319 "
E07000031,South Lakeland, 536 ," 4,800 "," 3,729 "," 4,162 "," 4,456 "," 4,619 "," 5,716 "," 7,400 "," 8,159 "," 7,729 "," 6,891 "," 7,701 "," 5,749 "," 7,811 "
E07000149,South Norfolk, 517 ," 6,599 "," 5,661 "," 6,648 "," 7,353 "," 7,493 "," 8,575 "," 9,629 "," 10,009 "," 8,963 "," 8,246 "," 9,263 "," 6,973 "," 9,263 "
E07000179,South Oxfordshire, 700 ," 7,567 "," 6,486 "," 7,568 "," 8,122 "," 8,532 "," 9,452 "," 10,778 "," 10,422 "," 8,692 "," 7,390 "," 7,756 "," 6,200 "," 8,511 "
E07000126,South Ribble, 654 ," 5,072 "," 4,239 "," 5,310 "," 5,399 "," 5,753 "," 6,673 "," 7,755 "," 8,079 "," 6,783 "," 6,127 "," 6,575 "," 4,629 "," 5,934 "
E07000189,South Somerset, 767 ," 8,188 "," 6,547 "," 7,490 "," 7,439 "," 7,710 "," 9,180 "," 11,381 "," 12,284 "," 11,200 "," 10,606 "," 11,802 "," 8,752 "," 11,412 "
E07000196,South Staffordshire, 399 ," 5,126 "," 3,845 "," 4,589 "," 4,991 "," 4,910 "," 6,041 "," 7,811 "," 8,354 "," 7,611 "," 6,625 "," 7,122 "," 5,844 "," 7,350 "
E08000023,South Tyneside, 552 ," 6,189 "," 5,692 "," 7,158 "," 7,430 "," 7,117 "," 7,732 "," 9,610 "," 10,528 "," 9,994 "," 8,417 "," 8,153 "," 5,418 "," 7,831 "
E06000045,Southampton, 642 ," 19,174 "," 13,471 "," 13,686 "," 13,578 "," 13,026 "," 12,440 "," 12,427 "," 12,543 "," 10,885 "," 9,121 "," 8,582 "," 6,373 "," 8,581 "
E06000033,Southend-on-Sea, 490 ," 7,458 "," 6,699 "," 7,837 "," 9,212 "," 9,765 "," 10,485 "," 11,348 "," 11,395 "," 9,648 "," 8,300 "," 8,798 "," 6,563 "," 9,255 "
E09000028,Southwark, 579 ," 15,770 "," 26,111 "," 25,834 "," 20,646 "," 18,084 "," 16,912 "," 16,998 "," 15,408 "," 11,691 "," 7,615 "," 6,027 "," 3,933 "," 5,514 "
E07000213,Spelthorne, 320 ," 4,714 "," 4,127 "," 5,341 "," 5,853 "," 6,110 "," 6,041 "," 6,752 "," 6,903 "," 5,477 "," 4,381 "," 4,513 "," 3,538 "," 5,415 "
E07000240,St Albans, 767 ," 6,690 "," 5,981 "," 7,078 "," 8,626 "," 10,477 "," 10,915 "," 10,691 "," 9,625 "," 7,675 "," 6,250 "," 6,374 "," 4,788 "," 7,378 "
E08000013,St. Helens, 737 ," 8,036 "," 7,302 "," 8,393 "," 8,865 "," 8,715 "," 10,244 "," 12,167 "," 12,373 "," 10,852 "," 9,513 "," 10,123 "," 7,290 "," 9,040 "
E07000197,Stafford, 483 ," 6,009 "," 5,154 "," 6,290 "," 6,629 "," 6,834 "," 7,742 "," 9,502 "," 9,473 "," 8,441 "," 7,621 "," 8,105 "," 6,458 "," 8,114 "
E07000198,Staffordshire Moorlands, 321 ," 4,483 "," 3,499 "," 3,992 "," 4,254 "," 4,378 "," 5,492 "," 7,263 "," 7,249 "," 6,600 "," 6,135 "," 6,823 "," 5,136 "," 6,322 "
E07000243,Stevenage, 312 ," 4,186 "," 4,154 "," 5,099 "," 5,211 "," 4,971 "," 4,890 "," 5,737 "," 5,848 "," 4,769 "," 3,554 "," 3,341 "," 2,446 "," 3,675 "
E08000007,Stockport," 1,139 "," 13,062 "," 11,749 "," 15,032 "," 16,523 "," 16,749 "," 17,228 "," 19,220 "," 19,375 "," 16,911 "," 14,720 "," 15,190 "," 11,199 "," 16,234 "
E06000004,Stockton-on-Tees, 643 ," 8,157 "," 7,637 "," 8,953 "," 10,044 "," 9,921 "," 10,689 "," 12,816 "," 13,216 "," 12,224 "," 10,410 "," 9,972 "," 6,683 "," 8,849 "
E06000021,Stoke-on-Trent, 799 ," 12,285 "," 10,434 "," 13,327 "," 13,509 "," 12,744 "," 13,699 "," 15,551 "," 15,332 "," 13,677 "," 11,819 "," 11,547 "," 8,489 "," 10,998 "
E07000221,Stratford-on-Avon, 545 ," 6,366 "," 5,140 "," 6,091 "," 6,227 "," 6,859 "," 8,150 "," 9,887 "," 10,237 "," 9,112 "," 8,125 "," 8,839 "," 7,104 "," 9,207 "
E07000082,Stroud, 589 ," 5,674 "," 4,551 "," 5,220 "," 5,795 "," 6,341 "," 7,543 "," 8,872 "," 8,912 "," 8,192 "," 7,140 "," 7,563 "," 5,438 "," 7,355 "
E08000024,Sunderland," 1,037 "," 13,628 "," 11,804 "," 13,386 "," 14,013 "," 13,605 "," 15,226 "," 18,360 "," 19,180 "," 18,114 "," 15,572 "," 15,078 "," 10,008 "," 14,044 "
E07000214,Surrey Heath, 428 ," 4,909 "," 3,702 "," 4,353 "," 4,808 "," 5,384 "," 6,036 "," 6,547 "," 6,424 "," 5,249 "," 4,303 "," 4,463 "," 3,517 "," 5,178 "
E09000029,Sutton, 762 ," 9,252 "," 8,341 "," 10,178 "," 12,680 "," 14,135 "," 13,181 "," 13,090 "," 12,552 "," 9,903 "," 8,078 "," 7,984 "," 5,681 "," 8,380 "
E07000113,Swale, 481 ," 6,595 "," 5,754 "," 6,941 "," 7,435 "," 7,618 "," 8,137 "," 9,681 "," 10,055 "," 8,535 "," 7,353 "," 8,078 "," 5,626 "," 6,776 "
E06000030,Swindon, 871 ," 11,300 "," 10,320 "," 12,664 "," 13,691 "," 13,941 "," 14,680 "," 15,645 "," 15,091 "," 12,565 "," 10,141 "," 9,532 "," 6,786 "," 9,447 "
E08000008,Tameside, 806 ," 9,636 "," 8,915 "," 11,112 "," 11,637 "," 11,469 "," 12,533 "," 14,973 "," 15,111 "," 12,837 "," 10,648 "," 10,968 "," 7,537 "," 8,927 "
E07000199,Tamworth, 264 ," 3,656 "," 3,085 "," 3,729 "," 3,921 "," 3,897 "," 4,584 "," 5,426 "," 4,914 "," 4,464 "," 4,185 "," 4,122 "," 2,926 "," 3,254 "
E07000215,Tandridge, 409 ," 4,241 "," 3,051 "," 3,888 "," 4,629 "," 5,025 "," 5,515 "," 6,254 "," 6,191 "," 5,245 "," 4,462 "," 4,613 "," 3,570 "," 5,124 "
E07000045,Teignbridge, 545 ," 5,779 "," 4,651 "," 5,633 "," 6,046 "," 6,265 "," 7,262 "," 9,213 "," 10,244 "," 9,501 "," 8,970 "," 9,631 "," 7,300 "," 9,451 "
E06000020,Telford and Wrekin, 665 ," 9,122 "," 7,244 "," 8,535 "," 9,030 "," 9,018 "," 10,361 "," 12,285 "," 11,847 "," 9,829 "," 8,848 "," 8,780 "," 6,379 "," 7,479 "
E07000076,Tendring, 461 ," 6,091 "," 4,812 "," 5,542 "," 5,504 "," 5,999 "," 7,239 "," 9,417 "," 10,476 "," 10,332 "," 10,001 "," 11,714 "," 8,982 "," 11,716 "
E07000093,Test Valley, 574 ," 6,305 "," 5,359 "," 6,463 "," 6,852 "," 7,091 "," 8,010 "," 9,034 "," 9,243 "," 7,890 "," 6,631 "," 7,386 "," 5,528 "," 7,330 "
E07000083,Tewkesbury, 457 ," 4,523 "," 4,012 "," 5,058 "," 5,073 "," 5,207 "," 5,479 "," 6,337 "," 6,743 "," 5,836 "," 5,379 "," 5,570 "," 4,282 "," 5,714 "
E07000114,Thanet, 447 ," 6,024 "," 5,098 "," 5,928 "," 6,430 "," 6,574 "," 7,277 "," 8,632 "," 9,181 "," 8,554 "," 8,073 "," 8,938 "," 6,587 "," 8,392 "
E07000102,Three Rivers, 494 ," 4,644 "," 3,620 "," 4,147 "," 5,120 "," 5,938 "," 6,200 "," 6,453 "," 6,406 "," 5,173 "," 4,228 "," 4,337 "," 3,178 "," 4,743 "
E06000034,Thurrock, 462 ," 6,793 "," 5,836 "," 7,772 "," 8,947 "," 9,120 "," 9,488 "," 10,231 "," 9,680 "," 7,689 "," 6,281 "," 6,507 "," 4,218 "," 5,543 "
E07000115,Tonbridge and Malling, 575 ," 6,129 "," 4,983 "," 6,031 "," 6,838 "," 7,629 "," 8,554 "," 9,202 "," 9,040 "," 7,382 "," 6,083 "," 6,663 "," 5,030 "," 6,793 "
E06000027,Torbay, 539 ," 5,339 "," 4,751 "," 5,438 "," 5,662 "," 5,993 "," 7,200 "," 9,232 "," 9,984 "," 9,219 "," 8,671 "," 9,466 "," 7,296 "," 9,916 "
E07000046,Torridge, 242 ," 2,965 "," 2,282 "," 2,629 "," 2,665 "," 2,921 "," 3,499 "," 4,726 "," 5,244 "," 5,238 "," 4,892 "," 5,296 "," 3,886 "," 4,706 "
E09000030,Tower Hamlets, 605 ," 20,008 "," 30,851 "," 30,569 "," 23,590 "," 19,086 "," 14,863 "," 12,171 "," 9,689 "," 7,711 "," 5,580 "," 3,982 "," 2,587 "," 3,930 "
E08000009,Trafford," 1,156 "," 10,367 "," 8,990 "," 11,540 "," 14,551 "," 15,116 "," 14,837 "," 15,320 "," 14,967 "," 12,465 "," 10,409 "," 10,361 "," 7,698 "," 11,432 "
E07000116,Tunbridge Wells, 527 ," 5,477 "," 4,384 "," 5,318 "," 6,075 "," 6,796 "," 7,692 "," 8,287 "," 7,718 "," 6,450 "," 5,266 "," 5,759 "," 4,394 "," 6,348 "
E07000077,Uttlesford, 397 ," 4,350 "," 3,410 "," 3,974 "," 4,799 "," 5,300 "," 5,743 "," 6,642 "," 6,487 "," 5,597 "," 4,685 "," 4,879 "," 3,613 "," 4,823 "
E07000180,Vale of White Horse, 603 ," 6,673 "," 6,286 "," 7,559 "," 7,960 "," 7,998 "," 8,387 "," 9,114 "," 9,236 "," 8,019 "," 6,775 "," 7,124 "," 5,345 "," 7,629 "
E08000036,Wakefield," 1,264 "," 15,637 "," 14,991 "," 17,470 "," 18,226 "," 17,218 "," 19,947 "," 24,309 "," 23,556 "," 20,507 "," 17,780 "," 17,939 "," 12,865 "," 15,821 "
E08000030,Walsall," 1,110 "," 12,914 "," 10,649 "," 12,891 "," 14,161 "," 14,028 "," 14,880 "," 17,421 "," 16,759 "," 14,558 "," 12,264 "," 12,025 "," 9,552 "," 13,648 "
E09000031,Waltham Forest, 602 ," 9,167 "," 11,882 "," 17,652 "," 18,654 "," 16,684 "," 14,703 "," 14,573 "," 12,994 "," 10,438 "," 7,811 "," 6,505 "," 4,621 "," 6,485 "
E09000032,Wandsworth, 781 ," 17,825 "," 36,107 "," 31,377 "," 24,162 "," 20,774 "," 18,033 "," 16,393 "," 14,293 "," 10,824 "," 8,248 "," 7,706 "," 5,215 "," 7,369 "
E06000007,Warrington, 882 ," 9,961 "," 8,275 "," 9,768 "," 10,865 "," 11,458 "," 12,485 "," 14,788 "," 14,999 "," 12,195 "," 10,306 "," 10,399 "," 7,953 "," 10,122 "
E07000222,Warwick, 525 ," 8,168 "," 7,185 "," 8,536 "," 8,487 "," 8,456 "," 8,723 "," 9,400 "," 9,263 "," 7,689 "," 6,795 "," 7,068 "," 5,585 "," 7,683 "
E07000103,Watford, 428 ," 4,657 "," 4,987 "," 6,121 "," 6,794 "," 6,887 "," 6,366 "," 6,161 "," 5,364 "," 4,283 "," 3,375 "," 3,101 "," 2,327 "," 3,450 "
E07000216,Waverley, 660 ," 6,541 "," 4,376 "," 5,383 "," 6,588 "," 7,669 "," 8,844 "," 9,224 "," 8,726 "," 7,517 "," 6,405 "," 6,926 "," 5,594 "," 8,532 "
E07000065,Wealden, 630 ," 7,184 "," 5,365 "," 6,117 "," 6,578 "," 7,210 "," 8,863 "," 10,981 "," 11,953 "," 10,867 "," 9,875 "," 11,118 "," 8,612 "," 11,254 "
E07000241,Welwyn Hatfield, 412 ," 7,344 "," 5,111 "," 5,550 "," 6,046 "," 6,445 "," 6,272 "," 6,946 "," 7,005 "," 5,975 "," 4,680 "," 4,505 "," 3,406 "," 5,511 "
E06000037,West Berkshire, 721 ," 8,234 "," 6,624 "," 7,837 "," 8,690 "," 9,565 "," 10,638 "," 11,974 "," 11,284 "," 9,590 "," 8,253 "," 8,418 "," 6,221 "," 7,902 "
E07000047,West Devon, 233 ," 2,364 "," 1,755 "," 1,994 "," 2,213 "," 2,438 "," 2,975 "," 3,908 "," 4,578 "," 4,314 "," 3,966 "," 4,292 "," 3,227 "," 4,152 "
E07000127,West Lancashire, 752 ," 6,132 "," 3,801 "," 4,237 "," 4,704 "," 4,997 "," 6,133 "," 7,687 "," 8,315 "," 7,266 "," 6,360 "," 6,829 "," 5,122 "," 6,528 "
E07000142,West Lindsey, 352 ," 4,317 "," 3,467 "," 4,003 "," 4,304 "," 4,326 "," 5,198 "," 6,708 "," 7,225 "," 6,682 "," 6,161 "," 6,535 "," 4,943 "," 5,765 "
E06000062,West Northamptonshire," 1,537 "," 19,411 "," 16,241 "," 19,943 "," 21,416 "," 22,955 "," 24,767 "," 27,557 "," 27,045 "," 22,480 "," 19,042 "," 19,965 "," 13,961 "," 17,543 "
E07000181,West Oxfordshire, 483 ," 5,345 "," 4,694 "," 5,274 "," 5,658 "," 6,013 "," 6,681 "," 7,815 "," 8,089 "," 6,960 "," 6,000 "," 6,368 "," 4,915 "," 6,879 "
E07000245,West Suffolk, 570 ," 7,414 "," 6,726 "," 8,034 "," 8,225 "," 8,572 "," 9,480 "," 11,265 "," 11,218 "," 9,717 "," 8,750 "," 9,869 "," 7,506 "," 9,991 "
E09000033,Westminster, 507 ," 12,248 "," 16,317 "," 15,799 "," 12,933 "," 11,617 "," 11,488 "," 11,468 "," 10,520 "," 8,323 "," 6,258 "," 5,567 "," 4,219 "," 5,543 "
E08000010,Wigan," 1,312 "," 14,719 "," 12,861 "," 15,277 "," 16,285 "," 15,760 "," 18,221 "," 22,664 "," 21,455 "," 18,474 "," 16,044 "," 17,604 "," 13,055 "," 14,195 "
E06000054,Wiltshire," 2,128 "," 23,774 "," 19,189 "," 21,898 "," 23,217 "," 24,556 "," 29,744 "," 34,949 "," 36,244 "," 31,842 "," 27,887 "," 29,259 "," 21,993 "," 29,638 "
E07000094,Winchester, 665 ," 8,506 "," 4,897 "," 5,589 "," 6,293 "," 7,126 "," 7,734 "," 8,432 "," 8,607 "," 7,457 "," 6,347 "," 6,747 "," 5,190 "," 7,626 "
E06000040,Windsor and Maidenhead, 796 ," 7,043 "," 5,716 "," 7,107 "," 8,546 "," 9,854 "," 10,306 "," 10,817 "," 10,140 "," 8,397 "," 6,891 "," 7,031 "," 5,358 "," 7,961 "
E08000015,Wirral," 1,341 "," 13,845 "," 11,839 "," 14,041 "," 15,016 "," 15,360 "," 17,509 "," 20,850 "," 22,354 "," 20,401 "," 18,151 "," 18,411 "," 12,947 "," 18,334 "
E07000217,Woking, 378 ," 4,817 "," 4,847 "," 5,681 "," 6,480 "," 7,041 "," 6,874 "," 6,658 "," 6,361 "," 5,210 "," 4,323 "," 4,316 "," 3,147 "," 4,851 "
E06000041,Wokingham, 795 ," 9,105 "," 7,234 "," 8,631 "," 10,863 "," 12,440 "," 12,373 "," 11,846 "," 11,383 "," 9,484 "," 7,604 "," 7,871 "," 5,999 "," 8,293 "
E08000031,Wolverhampton, 952 ," 10,682 "," 9,386 "," 11,710 "," 12,838 "," 13,423 "," 14,162 "," 15,827 "," 14,778 "," 12,951 "," 11,191 "," 10,332 "," 7,844 "," 11,894 "
E07000237,Worcester, 334 ," 5,889 "," 4,776 "," 5,496 "," 5,480 "," 5,633 "," 5,998 "," 6,867 "," 6,712 "," 5,474 "," 4,811 "," 4,685 "," 3,430 "," 4,629 "
E07000229,Worthing, 496 ," 4,946 "," 4,408 "," 5,402 "," 5,740 "," 6,126 "," 6,718 "," 7,553 "," 7,447 "," 6,335 "," 5,575 "," 6,359 "," 4,715 "," 7,374 "
E07000238,Wychavon, 641 ," 6,095 "," 4,929 "," 5,768 "," 6,064 "," 6,419 "," 7,582 "," 9,460 "," 9,938 "," 8,802 "," 8,181 "," 8,802 "," 6,616 "," 8,630 "
E07000128,Wyre, 579 ," 4,701 "," 3,750 "," 4,303 "," 4,599 "," 4,723 "," 5,641 "," 7,345 "," 8,288 "," 7,994 "," 7,420 "," 8,188 "," 6,126 "," 8,340 "
E07000239,Wyre Forest, 345 ," 4,556 "," 3,757 "," 4,329 "," 4,524 "," 4,724 "," 5,758 "," 7,227 "," 7,193 "," 6,119 "," 6,080 "," 7,049 "," 5,513 "," 6,406 "
E06000014,York, 670 ," 17,135 "," 10,050 "," 10,456 "," 10,680 "," 10,596 "," 10,914 "," 12,549 "," 12,372 "," 10,848 "," 9,436 "," 10,204 "," 7,316 "," 10,674 "
